date,open,high,low,close
2016-08-04,2156.75,2164.25,2154.0,2159.25
2016-08-05,2159.5,2178.5,2159.25,2176.75
2016-08-08,2176.0,2183.0,2173.25,2175.5
2016-08-09,2176.0,2183.5,2173.75,2177.5
2016-08-10,2178.0,2181.5,2167.75,2172.75
2016-08-11,2172.5,2185.25,2170.0,2181.75
2016-08-12,2181.75,2184.0,2175.5,2180.25
2016-08-15,2180.75,2190.75,2180.5,2186.0
2016-08-16,2186.0,2186.25,2175.25,2176.75
2016-08-17,2177.5,2182.0,2165.5,2179.75
2016-08-18,2180.75,2184.5,2176.25,2183.5
2016-08-19,2183.5,2184.25,2172.5,2181.75
2016-08-22,2181.75,2184.5,2173.5,2181.5
2016-08-23,2180.75,2191.5,2179.25,2185.25
2016-08-24,2185.75,2187.75,2168.75,2175.0
2016-08-25,2175.0,2177.25,2167.5,2173.5
2016-08-26,2174.0,2186.75,2157.5,2168.5
2016-08-29,2167.75,2182.25,2164.5,2179.25
2016-08-30,2180.0,2181.5,2168.5,2175.25
2016-08-31,2175.75,2176.25,2159.5,2169.5
2016-09-01,2169.0,2177.25,2154.75,2167.25
2016-09-02,2166.25,2183.75,2164.25,2178.0
2016-09-06,2179.25,2186.25,2173.0,2184.5
2016-09-07,2185.25,2186.75,2177.5,2184.5
2016-09-08,2184.5,2189.25,2175.75,2177.5
2016-09-09,2177.25,2178.25,2119.75,2122.75
2016-09-12,2121.75,2162.75,2107.0,2158.5
2016-09-13,2156.25,2157.5,2119.0,2128.75
2016-09-14,2131.75,2141.25,2118.75,2120.25
2016-09-15,2121.75,2151.5,2114.75,2145.0
2016-09-16,2143.75,2144.25,2135.5,2141.75
2016-09-19,2132.25,2146.75,2127.75,2133.0
2016-09-20,2133.75,2143.5,2129.0,2131.0
2016-09-21,2130.0,2157.5,2126.25,2156.25
2016-09-22,2156.25,2172.75,2152.75,2168.25
2016-09-23,2168.25,2169.5,2156.0,2158.0
2016-09-26,2156.25,2159.5,2136.75,2139.75
2016-09-27,2139.25,2154.0,2132.75,2152.75
2016-09-28,2152.0,2165.25,2144.0,2163.25
2016-09-29,2162.25,2167.0,2137.25,2148.5
2016-09-30,2145.75,2168.25,2135.75,2160.5
2016-10-03,2158.75,2164.0,2146.75,2153.25
2016-10-04,2153.75,2159.75,2136.0,2144.75
2016-10-05,2144.25,2158.0,2141.0,2153.25
2016-10-06,2153.25,2157.25,2143.25,2156.5
2016-10-07,2155.25,2161.5,2138.0,2146.5
2016-10-11,2159.5,2160.75,2121.75,2134.5
2016-10-12,2133.0,2140.75,2126.25,2131.5
2016-10-13,2127.75,2132.25,2107.75,2126.25
2016-10-14,2126.25,2143.25,2122.25,2127.0
2016-10-17,2126.25,2130.0,2116.75,2123.0
2016-10-18,2122.5,2139.75,2120.25,2132.0
2016-10-19,2131.5,2142.5,2126.5,2138.0
2016-10-20,2137.5,2144.5,2126.75,2137.0
2016-10-21,2136.0,2138.5,2123.25,2134.75
2016-10-24,2137.0,2149.0,2134.75,2144.25
2016-10-25,2144.75,2149.75,2135.25,2138.0
2016-10-26,2135.25,2140.0,2124.75,2134.0
2016-10-27,2133.75,2143.75,2122.5,2123.5
2016-10-28,2127.25,2135.25,2112.5,2123.75
2016-10-31,2120.0,2130.5,2114.75,2120.0
2016-11-01,2123.5,2129.5,2091.0,2103.75
2016-11-02,2102.25,2106.5,2087.25,2092.25
2016-11-03,2088.25,2098.75,2079.75,2083.5
2016-11-04,2084.0,2094.25,2078.75,2080.0
2016-11-07,2106.0,2130.75,2102.75,2129.0
2016-11-08,2129.0,2143.25,2119.0,2135.5
2016-11-09,2138.0,2166.75,2028.5,2160.25
2016-11-10,2159.5,2180.5,2147.75,2167.25
2016-11-14,2164.5,2174.5,2152.25,2160.5
2016-11-15,2161.0,2179.75,2158.5,2179.25
2016-11-16,2179.0,2185.0,2168.75,2172.75
2016-11-17,2172.5,2185.5,2171.75,2184.25
2016-11-18,2184.0,2187.5,2176.5,2180.75
2016-11-21,2179.5,2196.5,2178.5,2193.0
2016-11-22,2193.25,2203.0,2191.75,2200.25
2016-11-23,2201.25,2203.5,2192.0,2200.75
2016-11-25,2201.0,2211.75,2197.5,2211.25
2016-11-28,2208.0,2209.5,2198.25,2200.75
2016-11-29,2200.25,2209.5,2196.25,2203.75
2016-11-30,2203.25,2213.75,2197.25,2198.75
2016-12-01,2199.5,2203.0,2186.0,2192.0
2016-12-02,2190.5,2197.25,2184.25,2192.0
2016-12-05,2184.0,2208.75,2179.0,2204.25
2016-12-06,2205.0,2212.0,2200.25,2210.0
2016-12-07,2211.25,2241.25,2206.75,2236.75
2016-12-08,2236.5,2251.5,2232.5,2247.75
2016-12-09,2246.75,2261.25,2245.0,2260.0
2016-12-12,2260.75,2270.25,2252.25,2256.0
2016-12-13,2256.0,2278.25,2253.25,2273.25
2016-12-14,2273.25,2277.0,2248.0,2257.0
2016-12-15,2256.0,2272.75,2252.25,2263.5
2016-12-16,2264.25,2269.5,2261.75,2267.5
2016-12-19,2256.0,2263.75,2254.0,2260.0
2016-12-20,2260.25,2269.5,2260.0,2266.5
2016-12-21,2267.25,2268.0,2258.0,2260.5
2016-12-22,2258.25,2261.0,2251.5,2258.75
2016-12-23,2257.5,2261.0,2254.25,2260.0
2016-12-27,2258.75,2269.5,2257.75,2261.0
2016-12-28,2261.25,2267.5,2243.5,2245.25
2016-12-29,2245.5,2250.0,2239.5,2245.0
2016-12-30,2246.25,2252.75,2228.0,2236.25
2017-01-03,2240.75,2259.5,2239.5,2252.5
2017-01-04,2252.75,2267.25,2251.0,2264.25
2017-01-05,2264.5,2266.0,2254.0,2264.25
2017-01-06,2264.25,2277.0,2258.25,2271.5
2017-01-09,2271.25,2275.25,2263.5,2265.0
2017-01-10,2264.5,2274.0,2259.5,2263.75
2017-01-11,2263.75,2271.75,2255.0,2270.5
2017-01-12,2270.5,2270.5,2248.5,2263.5
2017-01-13,2264.5,2273.5,2262.75,2272.5
2017-01-17,2270.25,2270.5,2257.25,2262.75
2017-01-18,2262.0,2268.5,2258.25,2266.5
2017-01-19,2265.5,2269.5,2253.0,2261.5
2017-01-20,2261.0,2272.75,2259.75,2266.0
2017-01-23,2266.0,2267.5,2251.75,2262.0
2017-01-24,2260.75,2280.5,2259.5,2274.5
2017-01-25,2275.75,2295.25,2274.75,2294.0
2017-01-26,2293.75,2299.5,2289.5,2294.0
2017-01-27,2294.0,2296.75,2287.0,2289.0
2017-01-30,2282.0,2285.75,2263.25,2276.0
2017-01-31,2275.75,2278.25,2262.25,2274.5
2017-02-01,2277.0,2285.0,2268.25,2274.5
2017-02-02,2275.0,2279.75,2264.5,2275.5
2017-02-03,2274.0,2294.0,2270.5,2291.0
2017-02-06,2293.0,2294.25,2283.5,2286.5
2017-02-07,2286.25,2295.0,2284.0,2288.5
2017-02-08,2285.75,2292.0,2281.0,2290.25
2017-02-09,2290.5,2307.75,2287.75,2304.25
2017-02-10,2304.25,2315.75,2303.0,2312.75
2017-02-13,2314.25,2329.0,2313.25,2326.25
2017-02-14,2326.5,2337.75,2319.75,2337.0
2017-02-15,2335.5,2351.5,2331.25,2350.5
2017-02-16,2350.25,2350.75,2336.75,2345.5
2017-02-17,2345.0,2348.75,2336.5,2348.0
2017-02-21,2346.5,2365.0,2346.0,2360.0
2017-02-22,2360.0,2363.75,2355.25,2361.0
2017-02-23,2362.0,2367.5,2353.0,2362.75
2017-02-24,2361.5,2365.75,2349.5,2365.0
2017-02-27,2362.75,2370.75,2361.0,2368.25
2017-02-28,2365.75,2368.75,2357.5,2362.75
2017-03-01,2364.5,2401.0,2363.25,2393.5
2017-03-02,2392.25,2394.25,2378.0,2382.0
2017-03-03,2379.75,2383.25,2373.75,2381.25
2017-03-06,2380.25,2380.75,2367.0,2375.5
2017-03-07,2371.25,2375.5,2364.5,2366.5
2017-03-08,2365.75,2373.0,2359.5,2364.0
2017-03-09,2363.75,2369.25,2354.0,2366.25
2017-03-10,2367.5,2379.75,2362.25,2371.75
2017-03-13,2370.75,2375.25,2368.0,2375.0
2017-03-14,2374.0,2374.75,2358.0,2366.5
2017-03-15,2367.0,2390.5,2366.5,2383.75
2017-03-16,2382.5,2392.0,2376.75,2382.75
2017-03-17,2382.25,2385.75,2379.0,2384.5
2017-03-20,2373.75,2376.0,2365.5,2370.25
2017-03-21,2369.0,2378.75,2338.0,2342.25
2017-03-22,2340.5,2348.75,2332.25,2342.5
2017-03-23,2342.25,2356.0,2338.25,2340.0
2017-03-24,2341.0,2352.75,2331.75,2344.75
2017-03-27,2337.0,2341.5,2317.75,2338.5
2017-03-28,2340.5,2360.5,2333.5,2351.5
2017-03-29,2353.0,2359.75,2348.75,2357.0
2017-03-30,2357.0,2366.75,2353.25,2364.5
2017-03-31,2365.5,2366.75,2356.75,2359.25
2017-04-03,2357.5,2363.25,2340.0,2356.0
2017-04-04,2354.25,2358.75,2344.75,2356.5
2017-04-05,2358.75,2375.0,2343.75,2346.5
2017-04-06,2345.5,2361.25,2338.0,2353.75
2017-04-07,2355.25,2360.75,2336.75,2352.25
2017-04-10,2351.75,2363.25,2347.5,2352.5
2017-04-11,2354.25,2355.75,2333.25,2351.0
2017-04-12,2351.75,2356.5,2337.5,2340.75
2017-04-13,2338.75,2345.0,2324.0,2327.5
2017-04-17,2324.0,2346.0,2322.75,2345.0
2017-04-18,2345.0,2347.0,2330.25,2337.25
2017-04-19,2337.75,2349.25,2331.25,2333.75
2017-04-20,2333.25,2358.25,2332.5,2352.0
2017-04-21,2352.75,2356.0,2340.5,2347.5
2017-04-24,2365.75,2376.75,2365.25,2370.0
2017-04-25,2370.0,2389.25,2368.25,2385.0
2017-04-26,2383.0,2394.75,2381.5,2382.25
2017-04-27,2381.5,2388.75,2378.75,2386.0
2017-04-28,2386.25,2388.75,2378.25,2380.5
2017-05-01,2381.5,2390.75,2377.0,2387.0
2017-05-02,2386.25,2388.75,2381.75,2385.75
2017-05-03,2384.0,2386.0,2375.5,2383.25
2017-05-04,2382.0,2390.75,2376.0,2385.5
2017-05-05,2386.0,2399.25,2379.0,2397.75
2017-05-08,2402.5,2403.75,2389.75,2395.0
2017-05-09,2394.5,2400.0,2388.75,2393.25
2017-05-10,2391.75,2397.0,2387.5,2395.25
2017-05-11,2395.0,2395.25,2379.0,2391.0
2017-05-12,2390.25,2391.5,2384.25,2388.75
2017-05-15,2388.75,2402.25,2388.0,2398.5
2017-05-16,2399.75,2404.5,2393.75,2397.0
2017-05-17,2396.5,2396.75,2354.75,2357.5
2017-05-18,2355.0,2375.0,2344.5,2363.5
2017-05-19,2364.0,2388.0,2361.0,2381.5
2017-05-22,2381.75,2394.25,2378.25,2392.75
2017-05-23,2393.5,2399.5,2386.75,2398.0
2017-05-24,2397.0,2404.0,2394.75,2402.0
2017-05-25,2403.0,2417.75,2402.5,2413.5
2017-05-26,2413.0,2415.75,2408.0,2413.75
2017-05-30,2414.0,2417.0,2407.75,2410.75
2017-05-31,2410.5,2416.75,2402.75,2411.0
2017-06-01,2413.75,2430.5,2410.5,2429.5
2017-06-02,2429.25,2439.75,2427.0,2437.75
2017-06-05,2435.25,2439.0,2433.0,2434.5
2017-06-06,2434.25,2435.75,2426.25,2430.75
2017-06-07,2429.5,2435.0,2424.0,2432.0
2017-06-08,2431.5,2439.0,2427.25,2432.5
2017-06-09,2427.25,2445.75,2414.75,2430.5
2017-06-12,2430.0,2431.0,2419.0,2428.5
2017-06-13,2428.75,2441.5,2427.25,2440.0
2017-06-14,2440.25,2445.5,2427.75,2437.25
2017-06-15,2436.0,2436.0,2418.25,2434.25
2017-06-16,2433.75,2439.0,2432.5,2433.75
2017-06-19,2433.5,2451.5,2432.75,2447.5
2017-06-20,2447.75,2451.0,2434.0,2437.5
2017-06-21,2435.75,2440.0,2428.0,2433.5
2017-06-22,2431.75,2439.0,2428.0,2431.75
2017-06-23,2431.25,2438.75,2428.25,2435.0
2017-06-26,2432.0,2447.5,2430.0,2436.0
2017-06-27,2435.75,2437.25,2416.5,2420.5
2017-06-28,2417.0,2442.5,2413.75,2438.5
2017-06-29,2442.0,2445.0,2402.25,2420.0
2017-06-30,2420.75,2429.75,2415.0,2421.0
2017-07-03,2422.0,2436.5,2421.5,2425.0
2017-07-05,2423.75,2432.25,2419.25,2428.0
2017-07-06,2428.0,2430.5,2405.25,2408.5
2017-07-07,2409.25,2425.0,2407.5,2422.5
2017-07-10,2423.0,2430.0,2419.25,2424.5
2017-07-11,2423.75,2427.75,2410.25,2424.5
2017-07-12,2425.0,2443.75,2422.5,2440.0
2017-07-13,2441.25,2447.0,2439.0,2445.5
2017-07-14,2446.5,2461.25,2442.0,2456.0
2017-07-17,2457.0,2460.5,2454.0,2458.5
2017-07-18,2459.25,2461.0,2448.0,2457.75
2017-07-19,2459.75,2472.0,2457.75,2471.5
2017-07-20,2471.0,2476.25,2465.5,2471.25
2017-07-21,2472.5,2475.25,2462.75,2469.5
2017-07-24,2469.75,2470.5,2463.5,2468.5
2017-07-25,2467.0,2478.75,2466.25,2474.0
2017-07-26,2475.25,2479.75,2471.5,2473.25
2017-07-27,2474.5,2480.5,2457.0,2472.0
2017-07-28,2472.0,2472.0,2461.5,2470.25
2017-07-31,2470.5,2475.0,2465.25,2468.0
2017-08-01,2468.0,2477.25,2466.25,2472.25
2017-08-02,2474.0,2476.0,2463.25,2473.5
2017-08-03,2473.25,2474.5,2466.0,2471.75
2017-08-04,2470.75,2477.75,2467.75,2472.0
2017-08-07,2472.25,2478.25,2472.0,2477.5
2017-08-08,2477.5,2488.5,2467.5,2472.75
2017-08-09,2470.0,2474.5,2459.0,2473.0
2017-08-10,2474.0,2474.25,2432.75,2437.5
2017-08-11,2434.5,2446.5,2430.25,2440.0
2017-08-14,2441.5,2466.5,2441.5,2463.5
2017-08-15,2464.5,2473.25,2460.0,2463.75
2017-08-16,2464.5,2474.0,2461.5,2467.5
2017-08-17,2466.75,2468.5,2423.75,2429.5
2017-08-18,2426.75,2439.5,2419.5,2426.75
2017-08-21,2428.75,2431.5,2415.75,2428.0
2017-08-22,2428.0,2454.25,2427.5,2452.75
2017-08-23,2453.0,2454.75,2438.75,2441.5
2017-08-24,2440.25,2449.0,2434.5,2440.75
2017-08-25,2442.5,2453.5,2437.5,2442.5
2017-08-28,2442.0,2449.25,2436.25,2443.75
2017-08-29,2434.0,2448.5,2421.0,2447.0
2017-08-30,2446.5,2459.75,2442.75,2455.75
2017-08-31,2455.25,2474.25,2454.75,2470.0
2017-09-01,2470.25,2479.75,2470.0,2474.25
2017-09-05,2461.25,2471.25,2445.5,2459.75
2017-09-06,2460.25,2469.0,2456.5,2465.5
2017-09-07,2464.0,2468.75,2457.5,2466.5
2017-09-08,2466.5,2467.5,2456.75,2462.5
2017-09-11,2468.0,2489.0,2468.0,2487.5
2017-09-12,2488.25,2497.0,2486.75,2496.0
2017-09-13,2497.0,2497.5,2490.75,2496.5
2017-09-14,2496.25,2498.25,2489.5,2496.5
2017-09-15,2496.0,2496.5,2489.5,2496.0
2017-09-18,2499.0,2506.0,2497.75,2502.75
2017-09-19,2502.75,2506.0,2501.0,2504.75
2017-09-20,2503.75,2507.25,2494.0,2505.25
2017-09-21,2504.5,2506.25,2496.5,2501.0
2017-09-22,2500.75,2501.0,2492.0,2499.5
2017-09-25,2499.0,2504.5,2485.0,2497.0
2017-09-26,2498.0,2501.25,2492.25,2495.5
2017-09-27,2495.0,2509.25,2493.0,2504.5
2017-09-28,2503.25,2508.25,2499.0,2507.75
2017-09-29,2507.75,2517.75,2504.75,2516.0
2017-10-02,2518.0,2528.0,2517.0,2526.25
2017-10-03,2527.25,2533.5,2525.5,2532.75
2017-10-04,2533.0,2538.0,2529.0,2536.25
2017-10-05,2535.25,2550.75,2534.5,2550.0
2017-10-06,2548.75,2549.75,2541.5,2545.0
2017-10-09,2543.25,2550.5,2539.25,2543.75
2017-10-10,2543.25,2553.25,2542.75,2548.5
2017-10-11,2548.75,2553.5,2544.25,2553.0
2017-10-12,2552.25,2553.25,2546.25,2549.5
2017-10-13,2548.0,2555.5,2547.0,2552.75
2017-10-16,2552.25,2557.75,2550.75,2556.25
2017-10-17,2555.5,2557.75,2552.25,2557.0
2017-10-18,2556.5,2562.25,2556.25,2560.0
2017-10-19,2560.0,2561.5,2542.5,2560.5
2017-10-20,2561.0,2574.5,2559.5,2574.0
2017-10-23,2572.75,2577.25,2561.5,2563.5
2017-10-24,2562.5,2570.25,2562.25,2567.25
2017-10-25,2564.75,2566.25,2541.5,2558.5
2017-10-26,2559.5,2565.0,2555.5,2561.5
2017-10-27,2561.5,2580.75,2557.5,2578.5
2017-10-30,2575.5,2578.25,2565.5,2568.25
2017-10-31,2568.0,2575.5,2566.75,2572.75
2017-11-01,2572.75,2585.5,2571.0,2574.75
2017-11-02,2571.5,2578.5,2562.25,2576.75
2017-11-03,2577.5,2585.5,2573.5,2582.75
2017-11-06,2580.0,2590.0,2575.5,2588.75
2017-11-07,2587.75,2593.5,2580.75,2586.75
2017-11-08,2584.0,2592.5,2579.75,2591.0
2017-11-09,2591.25,2594.5,2563.25,2584.0
2017-11-10,2582.0,2585.75,2571.5,2579.5
2017-11-13,2580.25,2585.5,2570.25,2582.0
2017-11-14,2580.25,2582.25,2564.25,2578.0
2017-11-15,2576.75,2577.0,2555.5,2565.0
2017-11-16,2564.25,2589.5,2562.25,2585.0
2017-11-17,2584.25,2586.0,2574.75,2576.25
2017-11-20,2576.0,2584.0,2567.75,2582.0
2017-11-21,2582.0,2600.5,2579.25,2596.25
2017-11-22,2595.75,2600.0,2592.75,2594.5
2017-11-24,2593.25,2603.0,2589.5,2601.0
2017-11-27,2601.0,2605.5,2596.5,2601.75
2017-11-28,2602.25,2627.0,2597.5,2626.0
2017-11-29,2625.5,2634.25,2619.75,2625.0
2017-11-30,2625.0,2658.5,2621.75,2648.0
2017-12-01,2640.75,2650.75,2605.0,2644.0
2017-12-04,2654.5,2665.25,2633.75,2638.25
2017-12-05,2636.0,2648.75,2627.25,2628.25
2017-12-06,2626.75,2634.5,2620.0,2629.25
2017-12-07,2630.5,2641.25,2626.25,2639.5
2017-12-08,2639.5,2652.5,2637.75,2651.0
2017-12-11,2652.0,2664.75,2649.25,2661.5
2017-12-12,2662.75,2670.25,2660.5,2665.0
2017-12-13,2665.5,2672.5,2656.75,2666.5
2017-12-14,2665.5,2670.75,2649.25,2653.25
2017-12-15,2650.0,2667.25,2650.0,2666.75
2017-12-18,2683.0,2698.0,2682.5,2694.5
2017-12-19,2695.0,2698.0,2682.5,2684.0
2017-12-20,2684.75,2695.5,2679.0,2681.5
2017-12-21,2681.5,2696.0,2680.75,2687.75
2017-12-22,2686.75,2691.5,2682.25,2686.0
2017-12-26,2686.75,2689.5,2683.5,2687.0
2017-12-27,2687.5,2691.0,2681.5,2685.5
2017-12-28,2684.0,2689.0,2683.0,2685.75
2017-12-29,2684.75,2698.25,2667.75,2676.0
2018-01-02,2675.25,2696.0,2674.5,2693.0
2018-01-03,2693.75,2714.25,2692.25,2711.0
2018-01-04,2710.25,2729.0,2708.5,2723.75
2018-01-05,2725.0,2743.25,2723.75,2742.5
2018-01-08,2741.75,2748.5,2736.5,2746.75
2018-01-09,2746.5,2760.0,2742.75,2752.25
2018-01-10,2749.75,2752.0,2736.5,2750.5
2018-01-11,2750.0,2770.5,2747.75,2769.5
2018-01-12,2768.75,2790.0,2766.75,2788.75
2018-01-16,2789.75,2808.5,2769.25,2782.5
2018-01-17,2782.75,2809.5,2779.0,2803.75
2018-01-18,2803.25,2808.0,2793.75,2796.25
2018-01-19,2797.0,2815.0,2791.75,2811.0
2018-01-22,2804.0,2838.25,2802.0,2835.25
2018-01-23,2835.25,2844.75,2828.75,2839.5
2018-01-24,2837.0,2855.25,2825.5,2841.0
2018-01-25,2840.0,2853.75,2830.75,2841.25
2018-01-26,2842.25,2876.0,2841.25,2874.5
2018-01-29,2874.25,2878.5,2851.5,2853.5
2018-01-30,2853.25,2858.0,2818.5,2824.5
2018-01-31,2823.25,2839.75,2813.0,2825.75
2018-02-01,2828.75,2837.25,2809.5,2822.5
2018-02-02,2826.5,2831.0,2755.25,2756.75
2018-02-05,2757.0,2763.0,2595.75,2607.75
2018-02-06,2624.0,2699.75,2529.0,2694.25
2018-02-07,2685.5,2726.75,2660.5,2668.25
2018-02-08,2664.75,2686.5,2577.0,2593.5
2018-02-09,2593.75,2637.75,2530.25,2619.0
2018-02-12,2628.25,2671.5,2620.0,2655.25
2018-02-13,2653.25,2667.5,2634.25,2661.75
2018-02-14,2662.5,2701.75,2627.0,2697.0
2018-02-15,2695.5,2736.75,2688.5,2734.0
2018-02-16,2734.0,2754.75,2722.25,2735.0
2018-02-20,2734.5,2747.75,2705.75,2714.0
2018-02-21,2714.5,2747.75,2693.5,2698.75
2018-02-22,2698.5,2731.0,2682.0,2711.5
2018-02-23,2712.75,2750.25,2710.0,2748.75
2018-02-26,2751.5,2786.0,2742.5,2784.5
2018-02-27,2783.5,2789.75,2742.0,2747.5
2018-02-28,2746.5,2762.0,2712.0,2714.5
2018-03-01,2718.25,2731.0,2658.5,2678.25
2018-03-02,2678.75,2696.0,2647.0,2690.25
2018-03-05,2683.25,2727.75,2663.75,2718.5
2018-03-06,2719.0,2734.5,2710.25,2724.0
2018-03-07,2700.0,2730.25,2681.25,2723.25
2018-03-08,2722.5,2740.5,2720.0,2739.25
2018-03-09,2736.5,2787.0,2730.0,2784.0
2018-03-12,2784.0,2800.5,2779.0,2784.0
2018-03-13,2782.25,2802.5,2758.5,2768.5
2018-03-14,2763.0,2779.5,2744.25,2749.75
2018-03-15,2750.75,2763.5,2741.0,2751.5
2018-03-16,2753.75,2757.0,2747.0,2752.75
2018-03-19,2756.25,2756.5,2697.25,2722.75
2018-03-20,2721.5,2729.0,2712.75,2723.5
2018-03-21,2723.25,2744.0,2712.5,2718.25
2018-03-22,2718.25,2726.25,2641.75,2643.25
2018-03-23,2645.75,2658.75,2586.0,2597.75
2018-03-26,2595.0,2662.75,2591.0,2659.5
2018-03-27,2659.5,2679.75,2596.0,2615.75
2018-03-28,2612.75,2633.75,2593.0,2607.5
2018-03-29,2609.75,2659.5,2601.0,2643.0
2018-04-02,2635.0,2641.5,2552.0,2575.0
2018-04-03,2581.25,2618.75,2573.5,2613.25
2018-04-04,2612.0,2649.75,2559.5,2647.0
2018-04-05,2645.75,2672.25,2644.0,2661.75
2018-04-06,2663.0,2664.0,2584.5,2605.75
2018-04-09,2607.5,2653.75,2607.5,2619.0
2018-04-10,2617.75,2666.25,2612.25,2655.0
2018-04-11,2654.5,2661.25,2626.0,2641.0
2018-04-12,2642.5,2675.0,2639.75,2664.0
2018-04-13,2661.75,2680.5,2644.75,2657.25
2018-04-16,2673.25,2687.0,2660.75,2681.75
2018-04-17,2679.25,2713.75,2678.75,2706.5
2018-04-18,2704.5,2718.5,2703.75,2709.75
2018-04-19,2711.75,2713.25,2681.5,2693.0
2018-04-20,2692.5,2698.25,2659.75,2671.5
2018-04-23,2683.0,2684.75,2657.25,2671.25
2018-04-24,2672.0,2688.5,2616.0,2635.25
2018-04-25,2635.25,2648.25,2611.25,2644.5
2018-04-26,2648.25,2677.5,2639.5,2674.5
2018-04-27,2675.5,2676.25,2657.75,2671.5
2018-04-30,2670.5,2682.25,2645.0,2647.0
2018-05-01,2646.25,2658.0,2623.25,2652.25
2018-05-02,2655.5,2658.5,2624.25,2627.5
2018-05-03,2626.75,2636.25,2591.25,2631.75
2018-05-04,2631.75,2669.5,2612.25,2663.0
2018-05-07,2662.75,2681.5,2661.25,2670.0
2018-05-08,2668.0,2674.25,2652.25,2670.25
2018-05-09,2669.75,2700.0,2666.5,2696.0
2018-05-10,2696.0,2725.0,2692.75,2718.75
2018-05-11,2716.25,2732.5,2716.25,2729.5
2018-05-14,2727.25,2741.25,2724.25,2731.0
2018-05-15,2728.5,2731.25,2700.5,2709.0
2018-05-16,2711.25,2728.0,2704.5,2723.0
2018-05-17,2721.75,2732.0,2711.0,2718.75
2018-05-18,2718.75,2727.0,2708.75,2713.0
2018-05-21,2728.75,2739.25,2724.25,2733.0
2018-05-22,2731.25,2741.75,2721.5,2726.0
2018-05-23,2724.5,2733.0,2704.5,2730.75
2018-05-24,2729.75,2733.25,2705.75,2727.5
2018-05-25,2726.75,2737.75,2713.75,2718.25
2018-05-29,2721.25,2724.25,2675.0,2692.25
2018-05-30,2693.25,2729.25,2685.75,2724.5
2018-05-31,2720.25,2728.25,2699.75,2705.5
2018-06-01,2707.5,2737.0,2706.0,2733.75
2018-06-04,2731.0,2749.25,2729.0,2745.5
2018-06-05,2746.0,2753.25,2739.0,2751.5
2018-06-06,2751.0,2774.75,2748.0,2772.25
2018-06-07,2773.25,2779.75,2760.0,2772.25
2018-06-08,2771.0,2779.75,2752.0,2778.75
2018-06-11,2771.0,2790.5,2770.5,2783.0
2018-06-12,2781.25,2789.75,2778.5,2784.0
2018-06-13,2788.0,2791.75,2773.75,2774.25
2018-06-14,2773.25,2789.25,2767.5,2783.25
2018-06-15,2782.5,2784.0,2766.25,2776.5
2018-06-18,2780.0,2786.75,2761.25,2779.75
2018-06-19,2778.25,2780.25,2735.75,2766.25
2018-06-20,2765.25,2778.25,2757.25,2772.0
2018-06-21,2771.75,2785.25,2747.0,2752.5
2018-06-22,2750.5,2768.5,2749.25,2759.5
2018-06-25,2757.0,2758.0,2700.5,2722.25
2018-06-26,2721.75,2735.25,2714.75,2728.5
2018-06-27,2726.5,2748.0,2701.0,2705.0
2018-06-28,2705.0,2726.25,2693.25,2719.5
2018-06-29,2720.0,2745.5,2716.75,2721.5
2018-07-02,2721.0,2728.5,2698.5,2727.25
2018-07-03,2727.25,2741.5,2712.0,2713.25
2018-07-05,2713.0,2739.75,2710.75,2738.5
2018-07-06,2737.0,2766.25,2731.25,2763.0
2018-07-09,2762.0,2788.0,2761.75,2787.5
2018-07-10,2787.5,2797.75,2780.5,2796.75
2018-07-11,2780.75,2787.75,2765.75,2774.0
2018-07-12,2776.75,2801.0,2773.75,2798.5
2018-07-13,2798.5,2807.25,2793.25,2803.25
2018-07-16,2804.75,2809.0,2795.0,2796.5
2018-07-17,2795.75,2815.75,2789.75,2811.25
2018-07-18,2813.0,2818.25,2806.75,2816.0
2018-07-19,2814.5,2818.0,2800.25,2805.25
2018-07-20,2805.5,2810.5,2793.0,2800.75
2018-07-23,2805.25,2812.5,2792.5,2812.0
2018-07-24,2810.5,2831.25,2810.25,2821.0
2018-07-25,2819.25,2849.5,2814.0,2841.25
2018-07-26,2835.25,2846.5,2833.25,2842.5
2018-07-27,2840.25,2847.0,2808.75,2817.5
2018-07-30,2816.0,2821.75,2798.25,2803.25
2018-07-31,2805.5,2827.75,2802.75,2817.0
2018-08-01,2824.25,2825.75,2805.5,2810.75
2018-08-02,2814.0,2831.25,2791.0,2828.5
2018-08-03,2830.75,2841.5,2824.75,2839.5
2018-08-06,2841.5,2853.5,2835.0,2850.0
2018-08-07,2849.25,2863.75,2848.25,2859.75
2018-08-08,2860.5,2862.5,2852.5,2855.25
2018-08-09,2853.5,2862.75,2850.5,2853.75
2018-08-10,2852.5,2852.75,2826.0,2836.75
2018-08-13,2835.75,2843.75,2820.0,2825.5
2018-08-14,2826.75,2843.5,2825.75,2841.0
2018-08-15,2841.75,2843.0,2803.0,2821.25
2018-08-16,2822.25,2851.75,2817.5,2844.75
2018-08-17,2843.5,2857.0,2835.0,2852.25
2018-08-20,2851.75,2860.75,2850.25,2858.5
2018-08-21,2856.75,2874.0,2852.0,2861.75
2018-08-22,2853.0,2868.25,2846.25,2861.25
2018-08-23,2861.75,2869.75,2854.75,2858.0
2018-08-24,2858.25,2877.5,2856.25,2876.75
2018-08-27,2877.75,2899.5,2876.75,2898.5
2018-08-28,2899.0,2906.25,2894.25,2899.25
2018-08-29,2900.5,2917.5,2897.5,2914.75
2018-08-30,2915.75,2916.25,2895.5,2902.0
2018-08-31,2898.0,2907.5,2891.75,2902.0
2018-09-04,2906.5,2912.5,2885.5,2898.25
2018-09-05,2898.75,2900.5,2877.5,2888.25
2018-09-06,2888.5,2893.0,2868.0,2879.0
2018-09-07,2877.75,2885.0,2865.0,2874.75
2018-09-10,2873.75,2888.25,2873.25,2880.25
2018-09-11,2879.75,2893.0,2867.25,2889.75
2018-09-12,2890.0,2895.25,2879.5,2888.5
2018-09-13,2887.0,2907.0,2884.75,2905.25
2018-09-14,2904.75,2912.25,2896.75,2906.25
2018-09-17,2903.5,2906.25,2887.25,2891.0
2018-09-18,2890.5,2912.5,2878.5,2906.5
2018-09-19,2907.75,2913.75,2900.75,2910.0
2018-09-20,2911.25,2935.75,2908.25,2934.0
2018-09-21,2934.75,2944.0,2932.25,2943.0
2018-09-24,2929.5,2930.25,2917.75,2925.5
2018-09-25,2926.5,2934.25,2918.25,2921.25
2018-09-26,2922.5,2936.0,2907.5,2911.5
2018-09-27,2911.5,2932.0,2907.5,2920.0
2018-09-28,2922.25,2925.5,2908.0,2919.0
2018-10-01,2922.5,2942.0,2922.5,2930.0
2018-10-02,2929.25,2936.0,2917.5,2928.5
2018-10-03,2929.0,2944.75,2924.75,2931.5
2018-10-04,2926.0,2926.25,2887.75,2907.75
2018-10-05,2910.0,2915.5,2873.25,2894.0
2018-10-08,2897.5,2898.25,2866.0,2893.75
2018-10-09,2892.25,2900.0,2874.5,2888.25
2018-10-10,2886.75,2891.25,2771.5,2781.0
2018-10-11,2776.5,2798.75,2712.25,2745.5
2018-10-12,2748.5,2785.0,2732.25,2768.5
2018-10-15,2770.0,2778.75,2745.25,2749.0
2018-10-16,2747.5,2819.0,2745.5,2817.75
2018-10-17,2816.25,2824.25,2783.25,2816.25
2018-10-18,2813.25,2814.75,2756.5,2772.25
2018-10-19,2774.75,2800.5,2762.25,2767.5
2018-10-22,2758.0,2782.0,2749.75,2756.5
2018-10-23,2755.75,2757.5,2692.25,2746.25
2018-10-24,2745.25,2750.0,2652.25,2664.25
2018-10-25,2673.75,2723.75,2658.75,2688.25
2018-10-26,2678.0,2692.75,2627.25,2669.5
2018-10-29,2667.0,2707.0,2603.0,2643.5
2018-10-30,2639.0,2690.25,2633.25,2685.25
2018-10-31,2690.75,2737.25,2682.0,2711.0
2018-11-01,2706.0,2741.25,2705.5,2738.0
2018-11-02,2724.0,2766.25,2699.5,2724.25
2018-11-05,2722.5,2743.75,2712.75,2739.5
2018-11-06,2739.0,2761.0,2729.75,2759.0
2018-11-07,2756.75,2817.75,2744.75,2816.5
2018-11-08,2815.75,2818.0,2795.0,2808.75
2018-11-09,2804.0,2811.25,2764.5,2779.0
2018-11-12,2778.75,2795.25,2722.25,2727.75
2018-11-13,2732.0,2755.75,2714.5,2727.5
2018-11-14,2731.25,2748.25,2686.25,2698.5
2018-11-15,2702.0,2736.75,2671.25,2734.5
2018-11-16,2731.75,2748.75,2708.75,2743.0
2018-11-19,2733.0,2748.0,2681.5,2696.25
2018-11-20,2696.25,2696.75,2631.75,2640.0
2018-11-21,2639.75,2671.25,2632.25,2649.0
2018-11-23,2635.5,2647.5,2626.0,2629.5
2018-11-26,2633.5,2676.25,2631.5,2670.0
2018-11-27,2661.0,2686.75,2655.25,2683.5
2018-11-28,2686.25,2745.0,2681.0,2741.5
2018-11-29,2738.0,2754.5,2723.25,2744.25
2018-11-30,2742.0,2764.75,2729.0,2758.25
2018-12-03,2793.5,2814.0,2773.5,2790.75
2018-12-04,2789.75,2790.5,2696.0,2701.75
2018-12-06,2713.25,2714.0,2621.25,2691.0
2018-12-07,2694.25,2709.75,2623.25,2636.0
2018-12-10,2625.0,2648.5,2583.0,2643.0
2018-12-11,2644.0,2678.0,2621.25,2641.25
2018-12-12,2632.5,2686.5,2631.75,2652.5
2018-12-13,2653.0,2671.0,2637.25,2645.5
2018-12-14,2646.5,2648.75,2594.0,2602.0
2018-12-17,2594.0,2613.75,2530.5,2552.5
2018-12-18,2553.75,2574.75,2528.0,2535.75
2018-12-19,2530.5,2593.25,2488.0,2503.25
2018-12-20,2503.5,2517.5,2441.0,2485.75
2018-12-21,2487.0,2491.25,2466.75,2467.75
2018-12-24,2407.75,2434.5,2340.5,2341.75
2018-12-26,2348.5,2477.75,2316.75,2471.0
2018-12-27,2470.25,2498.75,2397.0,2495.0
2018-12-28,2491.5,2523.0,2472.75,2486.0
2018-12-31,2495.5,2513.0,2482.75,2505.25
2019-01-02,2508.0,2521.25,2452.25,2511.0
2019-01-03,2482.25,2493.5,2443.25,2447.75
2019-01-04,2451.75,2539.25,2438.5,2531.25
2019-01-07,2537.25,2567.5,2523.25,2550.5
2019-01-08,2553.25,2581.25,2547.5,2572.5
2019-01-09,2569.5,2596.75,2568.5,2582.5
2019-01-10,2580.0,2599.5,2560.5,2594.0
2019-01-11,2594.0,2597.75,2577.0,2595.0
2019-01-14,2588.5,2592.0,2567.25,2580.5
2019-01-15,2581.5,2613.75,2580.0,2605.5
2019-01-16,2605.75,2626.25,2602.5,2613.25
2019-01-17,2614.5,2645.5,2596.5,2635.25
2019-01-18,2636.75,2677.75,2632.75,2671.5
2019-01-22,2669.25,2673.5,2616.5,2632.0
2019-01-23,2630.75,2653.75,2612.5,2638.25
2019-01-24,2635.0,2647.5,2626.0,2634.0
2019-01-25,2636.25,2672.5,2634.5,2663.5
2019-01-28,2660.0,2663.5,2622.25,2642.0
2019-01-29,2640.25,2650.0,2628.5,2640.25
2019-01-30,2648.5,2689.75,2636.25,2682.5
2019-01-31,2683.5,2713.0,2675.75,2704.5
2019-02-01,2707.75,2716.0,2695.5,2704.25
2019-02-04,2699.25,2725.0,2697.0,2721.25
2019-02-05,2719.5,2737.75,2716.25,2731.0
2019-02-06,2730.75,2736.5,2722.25,2729.5
2019-02-07,2727.0,2729.25,2685.5,2704.0
2019-02-08,2702.0,2709.0,2680.75,2706.25
2019-02-11,2710.75,2721.5,2700.5,2708.25
2019-02-12,2707.0,2748.0,2705.5,2744.75
2019-02-13,2743.5,2762.0,2742.75,2749.5
2019-02-14,2749.25,2763.0,2730.25,2743.5
2019-02-15,2741.25,2778.5,2729.0,2777.0
2019-02-19,2777.0,2787.5,2766.0,2778.75
2019-02-20,2777.75,2790.75,2773.25,2787.0
2019-02-21,2787.0,2798.0,2764.25,2774.25
2019-02-22,2773.5,2795.5,2770.5,2791.25
2019-02-25,2799.5,2814.0,2794.5,2797.0
2019-02-26,2795.75,2803.5,2783.25,2791.5
2019-02-27,2788.0,2797.25,2775.0,2795.0
2019-02-28,2795.25,2795.75,2781.75,2784.75
2019-03-01,2785.25,2808.25,2783.0,2805.0
2019-03-04,2814.0,2819.75,2767.5,2791.5
2019-03-05,2790.5,2799.0,2783.25,2791.5
2019-03-06,2786.5,2792.75,2768.5,2771.5
2019-03-07,2770.5,2776.25,2738.5,2750.0
2019-03-08,2749.0,2751.5,2722.0,2747.0
2019-03-11,2745.5,2787.5,2736.75,2784.0
2019-03-12,2784.75,2798.25,2780.5,2792.0
2019-03-13,2792.25,2821.25,2783.0,2814.5
2019-03-14,2816.0,2820.0,2803.75,2807.25
2019-03-15,2808.0,2821.5,2807.5,2811.89
2019-03-18,2827.0,2842.0,2824.0,2840.5
2019-03-19,2841.5,2858.75,2829.0,2836.5
2019-03-20,2837.25,2849.25,2817.25,2827.0
2019-03-21,2823.75,2866.0,2813.75,2862.5
2019-03-22,2859.5,2864.75,2805.25,2810.75
2019-03-25,2813.0,2818.5,2789.5,2807.0
2019-03-26,2808.5,2835.0,2806.0,2823.0
2019-03-27,2823.5,2831.75,2791.75,2810.5
2019-03-28,2807.0,2824.25,2795.0,2821.0
2019-03-29,2820.5,2840.75,2820.25,2837.75
2019-04-01,2844.5,2873.5,2844.5,2870.5
2019-04-02,2868.5,2873.75,2862.25,2867.0
2019-04-03,2866.0,2889.25,2865.25,2879.75
2019-04-04,2880.75,2885.75,2871.0,2882.75
2019-04-05,2882.5,2898.0,2880.5,2896.0
2019-04-08,2896.25,2899.75,2884.25,2898.25
2019-04-09,2898.5,2900.0,2877.25,2882.5
2019-04-10,2882.0,2896.0,2878.0,2894.5
2019-04-11,2894.75,2900.0,2885.25,2891.75
2019-04-12,2892.0,2914.75,2890.75,2912.5
2019-04-15,2912.0,2914.5,2900.5,2909.5
2019-04-16,2910.25,2921.25,2904.5,2911.5
2019-04-17,2910.25,2923.5,2898.5,2900.5
2019-04-18,2901.0,2911.75,2889.5,2910.0
2019-04-22,2908.75,2915.75,2899.0,2912.5
2019-04-23,2911.75,2939.75,2908.0,2938.0
2019-04-24,2937.25,2939.75,2927.75,2930.75
2019-04-25,2930.0,2935.75,2914.25,2926.25
2019-04-26,2923.75,2942.75,2917.25,2941.5
2019-04-29,2939.25,2951.5,2937.75,2943.0
2019-04-30,2942.5,2956.5,2926.0,2948.5
2019-05-01,2955.0,2961.25,2916.0,2923.0
2019-05-02,2916.5,2932.75,2901.0,2917.5
2019-05-03,2918.5,2949.5,2916.5,2947.5
2019-05-06,2917.75,2938.25,2883.5,2932.5
2019-05-07,2911.75,2930.5,2862.5,2890.75
2019-05-08,2889.75,2899.5,2868.75,2887.25
2019-05-09,2884.0,2885.5,2836.25,2872.75
2019-05-10,2869.75,2893.0,2826.0,2887.0
2019-05-13,2858.5,2869.25,2802.0,2807.0
2019-05-14,2806.0,2853.75,2799.75,2839.25
2019-05-15,2840.75,2860.0,2815.0,2855.0
2019-05-16,2853.5,2894.0,2840.5,2878.5
2019-05-17,2879.75,2887.5,2852.5,2862.0
2019-05-20,2861.5,2876.5,2832.5,2844.0
2019-05-21,2848.0,2870.75,2846.25,2866.0
2019-05-22,2864.75,2869.5,2848.25,2857.5
2019-05-23,2857.75,2858.5,2805.75,2819.5
2019-05-24,2821.75,2842.0,2819.25,2831.75
2019-05-28,2831.0,2841.25,2800.5,2805.0
2019-05-29,2804.25,2806.0,2766.25,2780.0
2019-05-30,2779.5,2799.0,2776.5,2790.5
2019-05-31,2788.75,2791.0,2750.0,2752.5
2019-06-03,2741.0,2763.75,2728.75,2749.5
2019-06-04,2754.0,2806.25,2744.0,2805.0
2019-06-05,2806.5,2829.5,2801.0,2827.75
2019-06-06,2820.5,2853.0,2812.75,2845.75
2019-06-07,2840.0,2886.25,2838.0,2875.0
2019-06-10,2893.25,2905.75,2880.5,2889.25
2019-06-11,2890.25,2911.5,2879.25,2887.0
2019-06-12,2887.25,2891.0,2875.25,2881.0
2019-06-13,2882.0,2896.5,2867.25,2894.5
2019-06-14,2893.75,2898.75,2880.5,2890.5
2019-06-17,2890.75,2900.75,2887.75,2892.0
2019-06-18,2893.5,2931.75,2884.5,2921.75
2019-06-19,2920.5,2932.5,2909.0,2929.0
2019-06-20,2926.75,2960.0,2926.0,2955.75
2019-06-21,2953.75,2956.0,2944.0,2953.9
2019-06-24,2948.0,2961.75,2947.25,2952.0
2019-06-25,2951.0,2958.25,2920.0,2922.0
2019-06-26,2922.5,2939.0,2914.5,2918.0
2019-06-27,2914.75,2935.75,2914.75,2931.0
2019-06-28,2932.75,2955.25,2930.0,2944.25
2019-07-01,2970.0,2981.75,2955.5,2967.75
2019-07-02,2968.0,2980.0,2958.5,2979.5
2019-07-03,2979.0,3001.5,2973.75,3000.25
2019-07-05,3000.75,3006.0,2971.25,2990.5
2019-07-08,2990.75,2994.75,2973.25,2978.5
2019-07-09,2977.75,2986.25,2963.5,2982.0
2019-07-10,2982.25,3007.5,2971.25,2997.5
2019-07-11,2996.0,3006.75,2992.5,3004.0
2019-07-12,3003.0,3018.0,3002.25,3015.5
2019-07-15,3015.25,3023.5,3010.75,3017.25
2019-07-16,3017.25,3021.75,3004.5,3007.0
2019-07-17,3005.75,3013.0,2980.5,2985.0
2019-07-18,2980.75,3005.25,2974.5,2997.5
2019-07-19,3003.75,3009.75,2969.5,2977.0
2019-07-22,2974.5,2993.5,2972.5,2989.0
2019-07-23,2988.75,3008.5,2987.5,3008.0
2019-07-24,3003.0,3022.0,2996.0,3021.5
2019-07-25,3018.0,3027.75,2998.0,3006.5
2019-07-26,3006.5,3029.5,3006.0,3024.5
2019-07-29,3022.0,3027.25,3015.5,3021.75
2019-07-30,3022.25,3027.5,3001.5,3012.25
2019-07-31,3016.25,3020.75,2958.0,2982.25
2019-08-01,2970.25,3014.25,2944.5,2952.0
2019-08-02,2950.25,2961.0,2913.5,2932.5
2019-08-05,2929.25,2933.5,2820.5,2830.0
2019-08-06,2816.25,2883.75,2775.75,2876.0
2019-08-07,2873.75,2891.5,2823.25,2880.5
2019-08-08,2879.0,2940.75,2870.5,2940.0
2019-08-09,2928.0,2935.75,2899.0,2919.75
2019-08-12,2918.75,2931.0,2872.5,2880.25
2019-08-13,2882.25,2944.25,2866.75,2932.0
2019-08-14,2931.0,2936.5,2835.75,2840.75
2019-08-15,2836.0,2871.75,2817.75,2848.5
2019-08-16,2851.0,2894.75,2849.5,2891.5
2019-08-19,2893.0,2932.25,2892.5,2923.75
2019-08-20,2921.25,2932.25,2894.25,2898.25
2019-08-21,2893.25,2932.5,2893.0,2929.25
2019-08-22,2931.25,2939.75,2904.25,2922.25
2019-08-23,2920.25,2936.75,2834.0,2855.5
2019-08-26,2831.0,2888.5,2810.25,2883.25
2019-08-27,2882.75,2899.5,2860.0,2865.5
2019-08-28,2866.25,2890.5,2851.75,2889.75
2019-08-29,2883.25,2930.75,2875.25,2926.75
2019-08-30,2923.25,2946.5,2913.25,2924.75
2019-09-03,2901.0,2926.5,2889.0,2906.0
2019-09-04,2903.0,2939.5,2902.0,2938.5
2019-09-05,2938.0,2986.5,2936.5,2972.0
2019-09-06,2970.75,2988.25,2970.25,2980.75
2019-09-09,2980.25,2991.5,2969.5,2978.25
2019-09-10,2979.25,2985.0,2957.25,2978.5
2019-09-11,2979.0,3004.25,2972.0,3002.0
2019-09-12,3003.0,3021.75,3001.0,3011.75
2019-09-13,3010.0,3023.75,3003.5,3006.5
2019-09-16,2993.5,3003.25,2981.25,2999.0
2019-09-17,3001.75,3006.5,2991.5,3005.5
2019-09-18,3006.0,3011.0,2978.5,3006.25
2019-09-19,3008.0,3022.25,2988.75,3006.0
2019-09-20,3005.5,3015.5,3001.75,3013.61
2019-09-23,2995.75,3008.25,2982.0,2997.0
2019-09-24,3001.0,3012.25,2958.5,2970.25
2019-09-25,2971.0,2991.75,2953.75,2986.25
2019-09-26,2985.75,2995.0,2964.25,2980.5
2019-09-27,2979.75,2993.0,2946.25,2963.75
2019-09-30,2976.0,2986.25,2964.5,2978.5
2019-10-01,2984.0,2994.5,2937.0,2937.75
2019-10-02,2942.25,2949.0,2874.0,2880.5
2019-10-03,2883.75,2912.5,2855.0,2911.75
2019-10-04,2911.5,2953.25,2896.75,2951.0
2019-10-07,2929.75,2959.5,2928.0,2937.5
2019-10-08,2934.5,2950.0,2890.5,2892.5
2019-10-09,2893.5,2934.25,2888.25,2919.0
2019-10-10,2920.5,2954.0,2881.75,2941.0
2019-10-11,2949.0,2994.0,2941.75,2970.75
2019-10-14,2968.0,2982.5,2953.75,2965.5
2019-10-15,2966.75,3003.25,2966.5,2997.75
2019-10-16,2996.5,2997.75,2984.75,2991.5
2019-10-17,2992.25,3008.0,2985.25,2998.0
2019-10-18,2997.75,3001.25,2975.0,2988.25
2019-10-21,2984.75,3007.5,2983.75,3006.5
2019-10-22,3006.5,3014.25,2988.25,2994.5
2019-10-23,2992.0,3006.0,2982.0,3005.75
2019-10-24,3006.0,3015.25,2998.75,3004.25
2019-10-25,3003.75,3026.5,3000.0,3020.25
2019-10-28,3023.0,3042.75,3022.75,3036.25
2019-10-29,3038.25,3046.25,3029.5,3035.75
2019-10-30,3036.5,3055.0,3023.25,3047.75
2019-10-31,3051.75,3052.0,3020.25,3035.75
2019-11-01,3036.0,3065.0,3033.0,3063.25
2019-11-04,3064.75,3083.75,3064.75,3075.75
2019-11-05,3076.75,3085.75,3069.75,3072.0
2019-11-06,3071.5,3078.0,3063.0,3075.5
2019-11-07,3077.25,3097.0,3070.25,3086.0
2019-11-08,3086.25,3092.5,3072.5,3090.5
2019-11-11,3090.5,3092.25,3074.5,3087.5
2019-11-12,3087.75,3102.0,3081.25,3092.0
2019-11-13,3091.25,3097.0,3075.75,3095.5
2019-11-14,3096.25,3099.75,3081.75,3097.0
2019-11-15,3097.0,3119.5,3095.75,3118.25
2019-11-18,3119.0,3127.75,3111.0,3121.75
2019-11-19,3121.5,3132.5,3112.75,3118.5
2019-11-20,3116.5,3118.5,3090.75,3109.0
2019-11-21,3097.25,3114.5,3091.25,3104.0
2019-11-22,3104.0,3114.5,3097.75,3111.5
2019-11-25,3119.0,3133.5,3116.5,3132.75
2019-11-26,3131.25,3145.0,3128.0,3143.75
2019-11-27,3143.75,3155.0,3141.75,3153.75
2019-11-29,3154.75,3155.0,3139.5,3143.75
2019-12-02,3146.25,3158.0,3110.25,3114.25
2019-12-03,3114.25,3121.75,3069.5,3091.0
2019-12-04,3091.75,3119.5,3081.75,3111.0
2019-12-05,3111.0,3124.75,3103.25,3117.75
2019-12-06,3117.75,3151.0,3117.0,3146.0
2019-12-09,3146.5,3149.5,3131.25,3134.5
2019-12-10,3133.5,3143.0,3116.25,3136.0
2019-12-11,3135.5,3144.5,3129.5,3143.0
2019-12-12,3144.0,3177.5,3137.25,3168.0
2019-12-13,3175.75,3185.0,3156.75,3172.0
2019-12-16,3176.5,3198.75,3173.75,3194.25
2019-12-17,3192.5,3199.25,3187.75,3192.0
2019-12-18,3189.5,3199.0,3188.5,3194.75
2019-12-19,3195.0,3209.0,3190.25,3207.0
2019-12-20,3208.5,3231.02,3204.25,3231.02
2019-12-23,3227.0,3234.25,3224.25,3227.25
2019-12-24,3228.25,3231.25,3222.5,3225.75
2019-12-26,3227.5,3244.75,3227.0,3244.5
2019-12-27,3242.0,3254.0,3235.5,3237.5
2019-12-30,3238.25,3244.25,3217.25,3223.5
2019-12-31,3223.25,3236.25,3213.0,3231.0
2020-01-02,3237.0,3261.75,3234.25,3259.0
2020-01-03,3261.0,3263.5,3206.75,3235.5
2020-01-06,3220.25,3249.5,3208.75,3243.5
2020-01-07,3243.5,3254.5,3226.0,3235.25
2020-01-08,3231.75,3267.75,3181.0,3260.25
2020-01-09,3261.25,3276.75,3257.75,3276.0
2020-01-10,3275.5,3287.0,3260.75,3264.75
2020-01-13,3265.75,3291.0,3265.5,3289.75
2020-01-14,3289.25,3296.75,3275.25,3288.0
2020-01-15,3287.75,3299.0,3277.75,3293.75
2020-01-16,3294.25,3318.0,3294.0,3316.5
2020-01-17,3316.75,3330.25,3316.0,3325.0
2020-01-21,3325.0,3329.75,3307.25,3319.5
2020-01-22,3321.25,3337.5,3315.25,3319.75
2020-01-23,3317.25,3327.0,3301.25,3326.0
2020-01-24,3326.5,3337.0,3280.5,3293.5
2020-01-27,3269.75,3269.75,3233.0,3239.5
2020-01-28,3239.5,3285.0,3238.75,3278.25
2020-01-29,3281.75,3292.75,3265.25,3272.5
2020-01-30,3271.5,3295.25,3239.75,3289.75
2020-01-31,3292.0,3297.5,3212.75,3224.0
2020-02-03,3222.75,3267.25,3222.0,3245.5
2020-02-04,3244.25,3305.25,3236.0,3299.5
2020-02-05,3300.25,3338.0,3288.25,3335.0
2020-02-06,3337.0,3357.75,3332.5,3345.25
2020-02-07,3349.0,3350.0,3320.75,3325.5
2020-02-10,3322.25,3353.5,3303.5,3353.0
2020-02-11,3351.0,3374.5,3349.25,3357.5
2020-02-12,3360.5,3381.5,3355.5,3380.5
2020-02-13,3381.25,3384.75,3348.5,3377.5
2020-02-14,3379.5,3388.5,3365.25,3381.0
2020-02-18,3382.25,3392.5,3355.25,3369.25
2020-02-19,3372.0,3393.75,3370.75,3387.25
2020-02-20,3391.75,3397.5,3339.25,3369.25
2020-02-21,3367.0,3369.25,3328.0,3339.25
2020-02-24,3309.0,3312.0,3213.75,3226.25
2020-02-25,3223.0,3259.5,3117.25,3132.5
2020-02-26,3138.0,3182.0,3091.0,3110.25
2020-02-27,3100.25,3117.0,2944.5,2957.0
2020-02-28,2950.0,2996.0,2853.25,2951.0
2020-03-02,2900.0,3093.25,2889.25,3065.0
2020-03-03,3077.0,3137.0,2973.0,2997.0
2020-03-04,2988.25,3129.5,2976.5,3114.75
2020-03-05,3109.25,3113.75,2996.5,3015.5
2020-03-06,3024.25,3037.0,2898.0,2964.0
2020-03-09,2916.0,2916.0,2715.0,2747.75
2020-03-10,2733.0,2884.75,2695.25,2865.75
2020-03-11,2859.5,2869.5,2702.75,2740.25
2020-03-12,2738.0,2774.0,2442.5,2469.0
2020-03-13,2429.5,2707.75,2393.5,2696.0
2020-03-16,2673.75,2675.0,2360.25,2416.25
2020-03-17,2417.25,2554.5,2365.0,2495.5
2020-03-18,2478.5,2498.0,2274.75,2414.0
2020-03-19,2414.25,2474.0,2288.0,2403.25
2020-03-20,2364.25,2512.75,2346.25,2437.98
2020-03-23,2220.25,2386.0,2174.0,2220.5
2020-03-24,2233.25,2447.75,2230.5,2438.0
2020-03-25,2442.75,2560.75,2386.0,2467.0
2020-03-26,2471.0,2625.75,2402.25,2608.0
2020-03-27,2627.75,2634.5,2505.25,2524.0
2020-03-30,2459.0,2621.75,2445.0,2611.25
2020-03-31,2613.25,2635.75,2555.75,2569.75
2020-04-01,2562.0,2562.25,2434.25,2448.0
2020-04-02,2459.0,2525.0,2424.75,2516.5
2020-04-03,2513.75,2529.5,2449.0,2482.75
2020-04-06,2485.0,2668.5,2484.75,2644.5
2020-04-07,2645.5,2750.0,2623.5,2642.0
2020-04-08,2640.5,2752.5,2620.75,2735.0
2020-04-09,2737.75,2809.5,2701.0,2779.75
2020-04-13,2811.0,2819.5,2711.0,2759.25
2020-04-14,2760.0,2846.0,2752.5,2843.0
2020-04-15,2843.75,2845.5,2751.25,2775.0
2020-04-16,2767.75,2831.5,2746.0,2787.5
2020-04-17,2863.0,2885.0,2821.0,2870.0
2020-04-20,2861.5,2875.5,2804.25,2806.5
2020-04-21,2807.0,2833.25,2717.25,2732.0
2020-04-22,2737.25,2808.0,2717.25,2788.5
2020-04-23,2790.5,2836.75,2772.75,2780.75
2020-04-24,2777.0,2835.0,2755.25,2829.5
2020-04-27,2829.0,2881.25,2812.75,2869.0
2020-04-28,2867.75,2913.5,2851.0,2867.25
2020-04-29,2870.5,2959.75,2860.75,2941.0
2020-04-30,2956.5,2965.0,2878.0,2902.5
2020-05-01,2871.5,2879.75,2811.75,2821.75
2020-05-04,2789.0,2835.75,2771.0,2825.25
2020-05-05,2827.0,2889.75,2824.5,2858.25
2020-05-06,2857.75,2886.25,2832.0,2833.5
2020-05-07,2832.0,2895.0,2823.0,2880.0
2020-05-08,2882.0,2933.0,2879.75,2928.5
2020-05-11,2920.75,2947.0,2889.75,2922.75
2020-05-12,2919.25,2939.25,2838.0,2852.5
2020-05-13,2839.75,2876.75,2786.0,2813.0
2020-05-14,2820.25,2853.75,2760.25,2847.0
2020-05-15,2846.25,2863.5,2809.5,2846.5
2020-05-18,2859.75,2964.75,2850.0,2948.0
2020-05-19,2945.0,2976.25,2914.25,2918.75
2020-05-20,2913.5,2975.75,2908.5,2968.5
2020-05-21,2972.25,2973.5,2933.0,2937.0
2020-05-22,2936.75,2957.5,2903.75,2953.0
2020-05-26,2948.5,3019.75,2947.5,2994.5
2020-05-27,2994.0,3039.5,2965.5,3035.5
2020-05-28,3035.0,3065.5,3019.5,3038.0
2020-05-29,3036.0,3058.25,2992.0,3042.0
2020-06-01,3029.75,3059.0,3008.0,3054.0
2020-06-02,3052.75,3079.0,3035.0,3077.0
2020-06-03,3078.0,3129.5,3074.25,3117.75
2020-06-04,3117.75,3126.75,3087.5,3110.5
2020-06-05,3113.25,3210.5,3106.5,3186.75
2020-06-08,3192.5,3231.25,3183.25,3227.5
2020-06-09,3227.75,3231.0,3190.0,3205.5
2020-06-10,3204.75,3227.25,3179.75,3186.0
2020-06-11,3183.75,3188.5,2996.25,3010.25
2020-06-12,3011.75,3087.75,2982.0,3034.75
2020-06-15,2992.75,3079.25,2935.0,3073.0
2020-06-16,3076.25,3167.75,3071.25,3128.75
2020-06-17,3122.0,3157.75,3105.0,3118.0
2020-06-18,3115.0,3130.5,3075.25,3109.0
2020-06-19,3108.25,3196.0,3106.75,3161.26
2020-06-22,3040.25,3114.25,3027.25,3110.75
2020-06-23,3111.75,3145.75,3060.0,3118.5
2020-06-24,3113.25,3128.5,3019.75,3049.0
2020-06-25,3046.75,3079.5,3005.0,3070.75
2020-06-26,3071.25,3082.0,2992.5,3007.0
2020-06-29,2986.25,3051.25,2983.5,3047.75
2020-06-30,3046.0,3101.25,3030.25,3090.25
2020-07-01,3085.25,3117.75,3062.75,3103.0
2020-07-02,3101.75,3156.5,3095.5,3129.0
2020-07-06,3125.25,3174.5,3105.75,3172.0
2020-07-07,3170.0,3184.0,3132.5,3136.5
2020-07-08,3135.25,3166.25,3125.5,3163.5
2020-07-09,3166.25,3170.75,3105.25,3141.0
2020-07-10,3142.25,3181.25,3111.5,3178.5
2020-07-13,3183.5,3226.25,3140.5,3148.25
2020-07-14,3149.75,3192.25,3119.0,3183.5
2020-07-15,3204.0,3233.25,3192.0,3219.5
2020-07-16,3223.25,3228.5,3188.5,3194.5
2020-07-17,3198.5,3225.25,3194.75,3214.0
2020-07-20,3214.5,3250.5,3190.25,3245.25
2020-07-21,3243.75,3273.25,3239.25,3251.25
2020-07-22,3249.25,3271.75,3227.25,3265.5
2020-07-23,3267.75,3284.5,3214.25,3227.5
2020-07-24,3230.0,3239.0,3191.5,3204.0
2020-07-27,3210.75,3235.0,3192.0,3232.25
2020-07-28,3235.0,3246.75,3208.0,3213.0
2020-07-29,3215.0,3257.0,3204.25,3252.5
2020-07-30,3256.75,3269.0,3195.0,3248.75
2020-07-31,3269.25,3273.75,3212.5,3263.5
2020-08-03,3272.0,3295.5,3254.75,3288.5
2020-08-04,3290.75,3300.5,3271.0,3300.0
2020-08-05,3300.75,3323.25,3292.0,3316.0
2020-08-06,3317.0,3345.5,3300.5,3344.25
2020-08-07,3343.75,3347.75,3322.25,3344.75
2020-08-10,3347.0,3357.25,3329.0,3352.75
2020-08-11,3350.25,3379.0,3319.5,3330.0
2020-08-12,3339.5,3382.5,3326.25,3370.0
2020-08-13,3367.75,3382.0,3357.5,3367.75
2020-08-14,3369.25,3380.5,3350.0,3361.5
2020-08-17,3366.0,3382.75,3364.75,3379.75
2020-08-18,3379.25,3390.75,3365.25,3387.0
2020-08-19,3388.75,3395.75,3365.5,3372.75
2020-08-20,3370.25,3387.0,3344.75,3380.75
2020-08-21,3383.5,3396.25,3356.75,3392.5
2020-08-24,3398.75,3429.5,3393.5,3427.5
2020-08-25,3427.0,3448.75,3421.75,3443.0
2020-08-26,3444.75,3483.5,3436.75,3480.25
2020-08-27,3479.5,3498.25,3464.75,3485.25
2020-08-28,3488.0,3509.5,3480.75,3504.5
2020-08-31,3508.5,3524.5,3490.0,3499.0
2020-09-01,3493.25,3530.0,3484.25,3527.0
2020-09-02,3529.0,3587.0,3526.25,3579.25
2020-09-03,3578.75,3586.5,3424.5,3461.5
2020-09-04,3454.75,3484.25,3347.75,3417.5
2020-09-08,3420.5,3447.0,3327.5,3335.5
2020-09-09,3315.25,3424.0,3295.5,3400.25
2020-09-10,3396.0,3424.25,3327.25,3340.5
2020-09-11,3345.25,3375.0,3308.75,3333.75
2020-09-14,3350.0,3402.75,3345.5,3382.5
2020-09-15,3379.5,3419.0,3376.0,3405.25
2020-09-16,3405.0,3429.75,3384.0,3389.5
2020-09-17,3392.75,3396.5,3320.5,3361.5
2020-09-18,3355.75,3374.25,3341.75,3353.6
2020-09-21,3314.5,3326.25,3217.75,3275.0
2020-09-22,3271.5,3309.5,3256.5,3299.25
2020-09-23,3303.75,3319.75,3221.0,3231.25
2020-09-24,3228.0,3268.25,3198.0,3238.0
2020-09-25,3243.5,3296.25,3206.5,3287.25
2020-09-28,3291.0,3351.25,3287.5,3346.0
2020-09-29,3348.75,3363.0,3316.5,3333.75
2020-09-30,3330.0,3384.0,3291.25,3352.0
2020-10-01,3344.75,3388.0,3343.25,3367.75
2020-10-02,3367.0,3375.5,3300.25,3339.25
2020-10-05,3360.0,3400.0,3346.5,3393.0
2020-10-06,3392.0,3421.75,3330.5,3353.25
2020-10-07,3338.0,3416.75,3332.25,3406.75
2020-10-08,3406.25,3447.25,3405.5,3437.5
2020-10-09,3447.25,3480.0,3445.25,3473.25
2020-10-12,3467.5,3541.0,3464.25,3532.75
2020-10-13,3534.0,3535.75,3491.5,3504.75
2020-10-14,3502.0,3524.0,3472.0,3481.0
2020-10-15,3479.25,3486.5,3431.5,3475.5
2020-10-16,3478.5,3508.5,3461.25,3462.25
2020-10-19,3471.0,3496.5,3410.75,3422.75
2020-10-20,3436.0,3469.75,3418.75,3432.25
2020-10-21,3437.0,3458.0,3420.5,3432.5
2020-10-22,3430.25,3453.0,3402.5,3449.25
2020-10-23,3455.75,3462.5,3431.5,3451.75
2020-10-26,3445.75,3446.25,3356.0,3393.5
2020-10-27,3394.25,3410.0,3368.25,3383.0
2020-10-28,3369.0,3370.25,3260.75,3263.5
2020-10-29,3279.0,3333.75,3250.25,3302.25
2020-10-30,3268.0,3296.25,3225.0,3264.75
2020-11-02,3260.0,3323.5,3243.25,3300.5
2020-11-03,3304.0,3382.75,3301.25,3361.5
2020-11-04,3362.75,3480.0,3319.0,3435.0
2020-11-05,3448.0,3522.5,3428.25,3504.75
2020-11-06,3508.75,3519.0,3456.75,3500.75
2020-11-09,3522.5,3668.0,3515.75,3544.0
2020-11-10,3549.5,3562.75,3506.5,3541.0
2020-11-11,3546.25,3576.75,3531.0,3568.0
2020-11-12,3574.5,3574.5,3513.0,3532.5
2020-11-13,3537.5,3590.0,3518.0,3582.0
2020-11-16,3587.0,3637.0,3586.5,3623.0
2020-11-17,3625.5,3630.0,3584.25,3606.75
2020-11-18,3604.5,3623.25,3556.5,3565.0
2020-11-19,3562.0,3582.75,3542.25,3580.0
2020-11-20,3560.0,3582.5,3542.75,3554.25
2020-11-23,3546.5,3588.0,3545.5,3576.0
2020-11-24,3576.0,3640.0,3575.25,3632.75
2020-11-25,3635.5,3655.0,3615.25,3627.25
2020-11-27,3630.25,3642.75,3612.75,3636.5
2020-11-30,3643.75,3652.0,3592.25,3623.25
2020-12-01,3631.0,3677.5,3626.0,3660.5
2020-12-02,3661.25,3672.75,3642.25,3667.25
2020-12-03,3671.0,3682.0,3655.25,3664.5
2020-12-04,3668.25,3700.0,3665.5,3698.0
2020-12-07,3694.75,3705.0,3672.25,3690.75
2020-12-08,3682.75,3708.0,3664.25,3702.0
2020-12-09,3707.75,3714.75,3659.5,3672.5
2020-12-10,3669.5,3681.25,3644.0,3668.5
2020-12-11,3670.0,3674.75,3628.25,3661.25
2020-12-14,3677.75,3698.0,3642.75,3646.5
2020-12-15,3653.0,3695.75,3642.75,3694.5
2020-12-16,3697.75,3711.5,3687.0,3700.75
2020-12-17,3704.5,3724.75,3699.5,3721.25
2020-12-18,3721.5,3733.25,3707.75,3726.25
2020-12-21,3718.25,3724.0,3596.0,3685.75
2020-12-22,3685.0,3695.0,3663.75,3677.25
2020-12-23,3674.25,3701.75,3651.0,3681.5
2020-12-24,3685.25,3696.0,3678.5,3695.0
2020-12-28,3682.0,3732.25,3676.0,3727.5
2020-12-29,3731.0,3747.75,3714.5,3720.0
2020-12-30,3724.5,3738.25,3716.5,3724.25
2020-12-31,3725.0,3753.0,3715.0,3748.75
2021-01-04,3748.75,3773.25,3652.5,3692.25
2021-01-05,3695.0,3730.0,3673.25,3718.25
2021-01-06,3717.5,3774.75,3685.5,3740.5
2021-01-07,3752.5,3804.0,3742.0,3795.5
2021-01-08,3797.75,3824.5,3775.0,3817.5
2021-01-11,3815.5,3820.75,3776.5,3792.0
2021-01-12,3794.25,3806.75,3768.0,3794.5
2021-01-13,3792.0,3813.5,3776.5,3803.75
2021-01-14,3808.5,3817.75,3786.25,3791.25
2021-01-15,3793.0,3797.75,3741.5,3762.25
2021-01-19,3750.0,3797.0,3740.5,3790.5
2021-01-20,3796.75,3852.5,3788.5,3845.0
2021-01-21,3841.5,3859.75,3836.5,3846.0
2021-01-22,3846.75,3849.0,3813.25,3834.25
2021-01-25,3835.5,3853.25,3788.5,3848.5
2021-01-26,3845.0,3862.25,3821.5,3842.5
2021-01-27,3845.25,3853.0,3706.5,3744.25
2021-01-28,3735.25,3823.5,3703.5,3779.25
2021-01-29,3770.25,3777.25,3685.5,3705.25
2021-02-01,3692.25,3777.0,3656.5,3765.75
2021-02-02,3764.75,3835.75,3760.0,3818.25
2021-02-03,3829.5,3843.5,3807.75,3823.5
2021-02-04,3832.75,3869.75,3811.25,3864.5
2021-02-05,3864.25,3888.25,3860.0,3880.25
2021-02-08,3889.0,3911.25,3885.5,3908.0
2021-02-09,3910.5,3913.25,3895.0,3905.5
2021-02-10,3912.25,3928.5,3878.25,3903.0
2021-02-11,3907.0,3920.5,3884.5,3912.0
2021-02-12,3905.25,3936.25,3890.25,3931.0
2021-02-16,3936.5,3959.25,3918.75,3927.75
2021-02-17,3929.0,3932.25,3896.5,3928.0
2021-02-18,3928.25,3936.0,3880.5,3909.5
2021-02-19,3910.5,3931.0,3890.25,3903.0
2021-02-22,3905.5,3914.5,3861.25,3873.5
2021-02-23,3878.0,3896.0,3804.75,3878.0
2021-02-24,3876.25,3927.75,3851.75,3922.5
2021-02-25,3923.5,3934.5,3810.25,3828.0
2021-02-26,3823.25,3858.5,3785.0,3809.25
2021-03-01,3817.25,3912.0,3812.5,3898.75
2021-03-02,3903.25,3906.5,3865.5,3867.5
2021-03-03,3867.5,3898.0,3813.0,3816.75
2021-03-04,3818.0,3842.25,3720.5,3765.5
2021-03-05,3765.5,3850.0,3728.5,3839.0
2021-03-08,3854.75,3878.75,3796.25,3819.25
2021-03-09,3831.25,3901.25,3826.25,3873.25
2021-03-10,3878.5,3916.25,3856.25,3896.5
2021-03-11,3907.75,3958.5,3893.0,3936.75
2021-03-12,3937.5,3947.5,3910.25,3942.25
2021-03-15,3945.75,3969.75,3922.25,3967.5
2021-03-16,3967.0,3980.5,3952.75,3962.5
2021-03-17,3967.5,3983.75,3935.25,3974.0
2021-03-18,3972.0,3988.75,3911.0,3916.5
2021-03-19,3923.75,3934.25,3908.0,3912.62
2021-03-22,3893.5,3944.5,3885.0,3930.0
2021-03-23,3933.25,3938.75,3890.5,3899.75
2021-03-24,3905.75,3931.5,3877.5,3880.75
2021-03-25,3882.75,3909.5,3843.25,3900.5
2021-03-26,3907.5,3968.0,3900.75,3964.75
2021-03-29,3962.25,3971.25,3928.75,3959.0
2021-03-30,3965.25,3968.5,3933.75,3947.75
2021-03-31,3949.5,3983.75,3941.5,3967.5
2021-04-01,3967.5,4015.25,3964.5,4010.0
2021-04-05,4030.0,4073.75,4021.0,4067.75
2021-04-06,4069.75,4076.0,4052.25,4064.0
2021-04-07,4067.0,4075.5,4056.5,4070.0
2021-04-08,4074.25,4098.5,4072.5,4089.0
2021-04-09,4098.0,4121.5,4081.0,4119.5
2021-04-12,4114.25,4124.5,4104.5,4120.25
2021-04-13,4122.75,4139.75,4101.25,4132.75
2021-04-14,4134.75,4144.0,4113.0,4118.0
2021-04-15,4123.5,4166.5,4119.5,4162.5
2021-04-16,4162.75,4183.5,4154.25,4176.25
2021-04-19,4165.0,4174.75,4141.75,4155.5
2021-04-20,4156.25,4167.25,4110.5,4126.5
2021-04-21,4121.25,4167.25,4113.0,4164.75
2021-04-22,4157.5,4171.75,4115.25,4127.75
2021-04-23,4129.0,4186.75,4127.5,4171.5
2021-04-26,4170.75,4186.0,4163.75,4179.5
2021-04-27,4181.5,4192.5,4166.75,4179.0
2021-04-28,4180.25,4193.75,4172.75,4176.25
2021-04-29,4184.75,4211.0,4168.0,4203.5
2021-04-30,4200.75,4201.5,4167.25,4174.5
2021-05-03,4181.5,4202.5,4181.0,4185.75
2021-05-04,4184.25,4185.5,4120.5,4158.25
2021-05-05,4158.25,4180.0,4153.0,4160.0
2021-05-06,4158.75,4197.25,4140.5,4194.25
2021-05-07,4197.5,4232.25,4191.75,4225.25
2021-05-10,4226.75,4238.25,4172.0,4183.5
2021-05-11,4176.75,4185.5,4103.75,4146.25
2021-05-12,4140.0,4150.5,4051.0,4058.75
2021-05-13,4053.5,4126.75,4029.25,4107.0
2021-05-14,4112.5,4178.25,4105.25,4169.0
2021-05-17,4169.0,4178.75,4136.5,4157.75
2021-05-18,4159.0,4179.5,4111.5,4123.0
2021-05-19,4114.0,4123.0,4055.5,4111.5
2021-05-20,4107.75,4169.25,4084.5,4154.25
2021-05-21,4152.5,4185.0,4147.0,4151.75
2021-05-24,4151.5,4206.25,4142.5,4193.75
2021-05-25,4199.25,4212.75,4179.25,4185.5
2021-05-26,4188.0,4204.25,4180.5,4193.0
2021-05-27,4193.0,4211.5,4177.75,4199.0
2021-05-28,4211.25,4217.5,4201.0,4202.5
2021-06-01,4206.5,4230.0,4190.0,4198.5
2021-06-02,4198.5,4215.0,4190.75,4206.25
2021-06-03,4208.0,4213.25,4165.25,4191.25
2021-06-04,4190.75,4232.0,4177.0,4228.25
2021-06-07,4232.25,4232.5,4214.0,4225.5
2021-06-08,4227.5,4236.75,4205.75,4225.75
2021-06-09,4225.5,4235.0,4217.0,4218.5
2021-06-10,4222.25,4249.0,4207.0,4238.0
2021-06-11,4239.5,4247.75,4230.75,4245.75
2021-06-14,4248.0,4257.5,4233.5,4254.75
2021-06-15,4255.25,4267.5,4238.0,4246.5
2021-06-16,4248.0,4251.25,4200.75,4223.0
2021-06-17,4214.25,4232.5,4193.0,4222.25
2021-06-18,4225.75,4231.0,4183.75,4187.25
2021-06-21,4142.5,4219.75,4126.75,4213.75
2021-06-22,4219.25,4245.5,4205.75,4236.25
2021-06-23,4237.5,4248.25,4230.5,4231.5
2021-06-24,4233.75,4263.75,4231.75,4256.0
2021-06-25,4262.0,4276.75,4253.5,4271.25
2021-06-28,4275.0,4282.0,4264.25,4280.5
2021-06-29,4280.5,4291.0,4271.75,4282.0
2021-06-30,4284.75,4294.25,4269.25,4288.5
2021-07-01,4294.25,4312.0,4286.0,4310.75
2021-07-02,4309.75,4347.0,4308.0,4342.75
2021-07-06,4341.0,4348.0,4305.25,4334.0
2021-07-07,4328.0,4353.25,4320.25,4349.75
2021-07-08,4352.25,4352.25,4279.25,4313.0
2021-07-09,4310.25,4364.0,4293.25,4360.0
2021-07-12,4362.0,4379.25,4341.75,4376.5
2021-07-13,4377.0,4383.75,4356.5,4361.25
2021-07-14,4359.5,4384.5,4350.0,4367.75
2021-07-15,4366.5,4370.25,4332.5,4352.0
2021-07-16,4347.75,4368.0,4314.25,4318.5
2021-07-19,4320.0,4320.75,4224.0,4251.25
2021-07-20,4262.75,4329.0,4252.75,4315.5
2021-07-21,4318.75,4355.25,4310.0,4350.5
2021-07-22,4355.0,4371.5,4341.5,4359.5
2021-07-23,4371.5,4408.25,4367.25,4403.0
2021-07-26,4400.5,4416.75,4375.5,4414.25
2021-07-27,4415.75,4416.0,4364.75,4394.5
2021-07-28,4380.0,4407.75,4377.5,4393.75
2021-07-29,4393.75,4422.5,4380.5,4411.75
2021-07-30,4394.25,4405.0,4370.75,4389.5
2021-08-02,4396.5,4419.75,4377.25,4379.75
2021-08-03,4383.75,4417.0,4365.25,4415.0
2021-08-04,4409.75,4415.0,4391.25,4394.75
2021-08-05,4396.25,4422.75,4393.75,4421.5
2021-08-06,4420.25,4433.25,4416.0,4429.5
2021-08-09,4428.0,4432.0,4412.25,4425.75
2021-08-10,4427.25,4438.25,4416.5,4430.0
2021-08-11,4429.25,4443.25,4420.75,4440.5
2021-08-12,4440.0,4456.25,4430.25,4454.5
2021-08-13,4455.75,4463.25,4451.0,4462.5
2021-08-16,4456.25,4476.5,4432.5,4474.0
2021-08-17,4472.0,4472.25,4411.75,4443.5
2021-08-18,4436.75,4449.75,4381.5,4394.5
2021-08-19,4389.75,4414.75,4347.75,4401.5
2021-08-20,4403.75,4440.5,4371.75,4437.0
2021-08-23,4435.0,4485.75,4433.5,4475.5
2021-08-24,4481.0,4492.0,4476.75,4482.5
2021-08-25,4483.5,4498.0,4476.25,4493.0
2021-08-26,4493.75,4494.25,4465.0,4466.5
2021-08-27,4470.0,4510.0,4462.25,4505.5
2021-08-30,4508.75,4534.5,4500.75,4525.25
2021-08-31,4529.5,4542.25,4512.5,4520.5
2021-09-01,4527.75,4540.0,4519.25,4521.25
2021-09-02,4522.5,4544.0,4516.0,4535.25
2021-09-03,4536.75,4549.5,4519.25,4534.5
2021-09-07,4533.0,4548.0,4510.75,4519.25
2021-09-08,4517.5,4524.75,4492.0,4512.5
2021-09-09,4511.0,4529.5,4485.5,4492.25
2021-09-10,4491.25,4518.25,4456.5,4458.25
2021-09-13,4461.0,4492.75,4444.75,4469.0
2021-09-14,4475.5,4489.5,4435.0,4444.5
2021-09-15,4446.75,4487.5,4437.5,4481.75
2021-09-16,4486.0,4487.5,4443.0,4474.25
2021-09-17,4471.0,4482.5,4459.0,4464.33
2021-09-20,4411.75,4418.0,4293.75,4348.25
2021-09-21,4342.5,4395.75,4329.25,4343.25
2021-09-22,4336.5,4406.5,4321.25,4384.0
2021-09-23,4386.0,4455.0,4385.75,4438.0
2021-09-24,4439.0,4453.0,4410.75,4445.75
2021-09-27,4446.0,4472.0,4425.0,4433.0
2021-09-28,4429.75,4442.0,4334.75,4343.5
2021-09-29,4347.5,4378.75,4344.25,4349.75
2021-09-30,4360.0,4389.0,4294.25,4297.75
2021-10-01,4301.0,4365.75,4260.0,4343.75
2021-10-04,4349.0,4362.0,4267.5,4291.25
2021-10-05,4295.75,4359.75,4269.0,4334.0
2021-10-06,4334.0,4357.5,4273.75,4354.0
2021-10-07,4355.25,4421.5,4355.0,4390.0
2021-10-08,4390.5,4407.75,4376.25,4382.25
2021-10-11,4381.0,4407.5,4344.0,4351.0
2021-10-12,4347.75,4365.0,4317.25,4340.75
2021-10-13,4327.5,4364.75,4318.75,4355.0
2021-10-14,4354.75,4437.25,4354.0,4429.0
2021-10-15,4433.0,4467.5,4426.25,4462.5
2021-10-18,4465.5,4479.75,4436.25,4477.5
2021-10-19,4475.75,4517.5,4471.75,4511.25
2021-10-20,4516.0,4532.25,4504.0,4528.0
2021-10-21,4525.0,4543.25,4510.25,4541.75
2021-10-22,4530.0,4551.5,4515.25,4536.5
2021-10-25,4528.75,4566.25,4522.5,4558.0
2021-10-26,4564.75,4590.0,4560.75,4565.25
2021-10-27,4563.75,4576.75,4543.75,4544.5
2021-10-28,4548.75,4589.75,4545.25,4587.5
2021-10-29,4577.0,4603.5,4559.25,4597.0
2021-11-01,4608.0,4619.5,4586.5,4605.75
2021-11-02,4605.75,4627.0,4593.25,4623.5
2021-11-03,4621.25,4657.0,4613.0,4652.25
2021-11-04,4651.5,4676.25,4650.75,4673.25
2021-11-05,4671.75,4711.75,4667.5,4690.25
2021-11-08,4678.5,4707.0,4676.25,4694.0
2021-11-09,4690.75,4700.5,4663.25,4678.25
2021-11-10,4674.75,4680.25,4625.25,4642.0
2021-11-11,4645.0,4661.5,4638.0,4643.0
2021-11-12,4647.0,4685.5,4643.75,4678.25
2021-11-15,4684.75,4697.5,4667.0,4679.0
2021-11-16,4680.75,4709.75,4670.75,4696.0
2021-11-17,4696.5,4701.0,4679.25,4686.25
2021-11-18,4685.25,4706.5,4668.0,4701.5
2021-11-19,4705.25,4723.5,4684.25,4694.5
2021-11-22,4701.0,4740.5,4674.25,4679.75
2021-11-23,4686.0,4695.5,4649.0,4688.5
2021-11-24,4686.25,4702.25,4656.25,4699.0
2021-11-26,4700.5,4717.0,4577.25,4595.75
2021-11-29,4589.0,4669.75,4588.75,4651.0
2021-11-30,4657.25,4667.5,4557.0,4566.25
2021-12-01,4587.5,4650.75,4497.75,4508.5
2021-12-02,4514.75,4593.75,4505.5,4575.75
2021-12-03,4587.25,4606.5,4492.0,4537.5
2021-12-06,4542.25,4611.75,4531.5,4590.0
2021-12-07,4594.25,4697.25,4587.25,4685.0
2021-12-08,4695.25,4712.0,4671.75,4699.0
2021-12-09,4697.25,4706.0,4662.25,4667.0
2021-12-10,4669.25,4712.75,4664.25,4711.0
2021-12-13,4711.25,4731.0,4664.75,4668.75
2021-12-14,4672.0,4686.0,4606.0,4637.0
2021-12-15,4637.75,4715.0,4611.25,4709.5
2021-12-16,4711.5,4752.5,4651.25,4668.75
2021-12-17,4674.25,4677.75,4629.5,4636.46
2021-12-20,4612.0,4621.5,4520.25,4558.5
2021-12-21,4567.75,4643.0,4565.75,4640.75
2021-12-22,4641.75,4690.5,4622.25,4686.0
2021-12-23,4689.0,4731.25,4684.25,4715.75
2021-12-27,4717.0,4784.25,4713.25,4782.25
2021-12-28,4780.5,4798.0,4770.5,4778.5
2021-12-29,4781.0,4796.0,4770.0,4784.5
2021-12-30,4784.75,4799.75,4767.25,4772.25
2021-12-31,4773.75,4778.5,4750.5,4758.5
2022-01-03,4771.0,4791.25,4747.5,4786.0
2022-01-04,4785.25,4808.25,4764.5,4784.25
2022-01-05,4783.5,4788.25,4689.5,4692.5
2022-01-06,4692.0,4715.75,4662.0,4687.5
2022-01-07,4695.0,4705.75,4653.75,4667.75
2022-01-10,4671.25,4681.75,4572.75,4662.25
2022-01-11,4663.5,4707.5,4627.25,4705.0
2022-01-12,4704.0,4739.5,4695.0,4716.25
2022-01-13,4719.25,4736.25,4642.5,4652.0
2022-01-14,4655.0,4667.0,4606.0,4654.75
2022-01-18,4666.0,4671.75,4560.0,4571.25
2022-01-19,4577.75,4603.0,4517.25,4524.25
2022-01-20,4526.0,4594.25,4437.75,4474.75
2022-01-21,4454.25,4487.0,4381.25,4390.0
2022-01-24,4389.0,4427.5,4212.75,4403.75
2022-01-25,4402.75,4406.75,4276.5,4349.0
2022-01-26,4308.75,4446.25,4294.25,4341.5
2022-01-27,4345.25,4422.0,4263.25,4317.75
2022-01-28,4348.0,4426.0,4266.25,4423.25
2022-01-31,4423.5,4507.75,4395.5,4504.25
2022-02-01,4493.25,4554.75,4474.0,4535.0
2022-02-02,4552.0,4586.0,4535.25,4577.25
2022-02-03,4545.75,4548.25,4462.0,4469.0
2022-02-04,4518.0,4532.5,4438.5,4492.5
2022-02-07,4497.0,4514.5,4462.75,4475.75
2022-02-08,4484.0,4523.75,4456.25,4512.5
2022-02-09,4519.0,4585.0,4517.25,4577.75
2022-02-10,4582.25,4583.75,4476.0,4497.5
2022-02-11,4494.5,4520.5,4393.25,4409.5
2022-02-14,4411.75,4428.0,4354.0,4394.0
2022-02-15,4393.5,4468.0,4381.75,4464.5
2022-02-16,4458.75,4484.5,4422.75,4470.0
2022-02-17,4464.25,4474.75,4367.25,4374.5
2022-02-18,4374.75,4411.5,4321.0,4343.5
2022-02-22,4324.25,4391.25,4250.0,4300.0
2022-02-23,4310.75,4345.5,4212.5,4222.0
2022-02-24,4215.5,4290.0,4101.75,4284.0
2022-02-25,4266.75,4384.25,4227.5,4380.0
2022-02-28,4299.5,4385.5,4251.5,4368.0
2022-03-01,4367.5,4399.0,4275.0,4303.75
2022-03-02,4308.75,4399.25,4278.25,4381.75
2022-03-03,4373.75,4418.75,4341.0,4359.25
2022-03-04,4366.5,4374.5,4281.25,4327.25
2022-03-07,4308.75,4325.25,4185.25,4198.5
2022-03-08,4186.5,4275.0,4138.75,4168.75
2022-03-09,4153.0,4298.25,4152.0,4275.25
2022-03-10,4279.0,4282.25,4207.0,4257.25
2022-03-11,4258.5,4335.5,4198.0,4201.5
2022-03-14,4216.0,4254.5,4160.75,4172.0
2022-03-15,4180.25,4271.5,4138.0,4262.0
2022-03-16,4257.5,4376.0,4246.25,4358.0
2022-03-17,4370.5,4415.25,4329.0,4410.25
2022-03-18,4393.0,4409.35,4373.75,4409.35
2022-03-21,4460.0,4473.0,4415.0,4452.25
2022-03-22,4456.75,4514.75,4433.0,4505.0
2022-03-23,4504.0,4514.0,4444.75,4447.5
2022-03-24,4449.25,4517.5,4445.75,4512.5
2022-03-25,4516.25,4539.0,4493.25,4536.5
2022-03-28,4535.25,4572.25,4509.75,4568.0
2022-03-29,4570.25,4631.0,4565.25,4625.5
2022-03-30,4621.25,4627.5,4574.75,4596.0
2022-03-31,4599.0,4614.25,4526.25,4530.75
2022-04-01,4541.0,4555.5,4501.25,4539.25
2022-04-04,4538.25,4580.0,4527.75,4577.75
2022-04-05,4576.25,4588.75,4507.75,4520.25
2022-04-06,4526.25,4528.75,4444.5,4475.75
2022-04-07,4471.25,4517.25,4444.5,4496.25
2022-04-08,4494.75,4519.75,4468.75,4483.5
2022-04-11,4488.75,4491.25,4403.5,4409.0
2022-04-12,4411.0,4466.75,4375.5,4393.0
2022-04-13,4396.75,4449.5,4384.0,4442.25
2022-04-14,4438.5,4455.75,4385.0,4387.5
2022-04-18,4390.0,4406.25,4355.5,4386.75
2022-04-19,4399.0,4467.0,4371.75,4459.25
2022-04-20,4441.0,4484.25,4432.75,4455.5
2022-04-21,4468.0,4509.0,4380.0,4390.5
2022-04-22,4385.75,4393.25,4247.5,4267.25
2022-04-25,4259.0,4296.5,4195.25,4292.75
2022-04-26,4294.0,4303.5,4136.75,4170.5
2022-04-27,4149.5,4236.25,4149.0,4180.25
2022-04-28,4213.0,4303.5,4182.5,4283.5
2022-04-29,4244.0,4279.75,4118.75,4127.5
2022-05-02,4144.0,4165.75,4056.0,4151.0
2022-05-03,4145.5,4195.75,4129.0,4169.25
2022-05-04,4171.25,4303.0,4142.75,4295.25
2022-05-05,4289.75,4300.75,4099.25,4143.25
2022-05-06,4146.5,4153.25,4062.0,4119.5
2022-05-09,4087.25,4099.0,3970.0,3987.5
2022-05-10,3993.25,4065.5,3953.0,3996.75
2022-05-11,3990.5,4050.5,3923.75,3930.25
2022-05-12,3939.75,3961.75,3855.0,3927.25
2022-05-13,3916.25,4036.0,3915.5,4019.75
2022-05-16,4025.0,4043.5,3979.5,4004.75
2022-05-17,4002.0,4091.5,4000.5,4084.75
2022-05-18,4091.25,4095.0,3905.5,3922.75
2022-05-19,3916.5,3943.5,3856.0,3897.75
2022-05-20,3900.5,3949.5,3807.5,3899.5
2022-05-23,3910.5,3982.25,3906.5,3971.75
2022-05-24,3951.75,3954.5,3872.0,3940.5
2022-05-25,3950.0,3997.75,3913.5,3976.75
2022-05-26,3972.25,4073.5,3960.5,4055.75
2022-05-27,4047.5,4168.25,4041.25,4155.75
2022-05-31,4164.5,4202.25,4102.75,4131.25
2022-06-01,4138.5,4165.0,4071.5,4099.0
2022-06-02,4097.75,4179.0,4072.25,4175.25
2022-06-03,4177.75,4189.0,4096.75,4107.0
2022-06-06,4110.5,4168.25,4104.5,4120.5
2022-06-07,4122.0,4164.0,4076.0,4158.75
2022-06-08,4150.75,4160.0,4105.25,4114.0
2022-06-09,4116.0,4144.25,4014.75,4016.25
2022-06-10,4025.25,4029.5,3895.25,3899.0
2022-06-13,3870.75,3876.5,3732.5,3750.5
2022-06-14,3758.25,3805.0,3705.25,3736.75
2022-06-15,3740.0,3839.0,3720.25,3789.25
2022-06-16,3794.25,3828.75,3639.0,3668.25
2022-06-17,3677.5,3710.75,3663.76,3663.76
2022-06-21,3684.0,3783.75,3661.5,3767.75
2022-06-22,3766.25,3805.5,3693.25,3762.75
2022-06-23,3761.25,3805.75,3735.0,3799.75
2022-06-24,3785.25,3919.75,3781.25,3916.25
2022-06-27,3915.0,3948.0,3892.5,3903.75
2022-06-28,3911.25,3950.0,3821.75,3825.5
2022-06-29,3828.25,3840.0,3801.25,3821.25
2022-06-30,3822.75,3825.0,3741.25,3789.5
2022-07-01,3782.0,3833.5,3744.5,3827.25
2022-07-05,3828.5,3857.75,3744.0,3834.0
2022-07-06,3838.0,3875.0,3808.75,3848.25
2022-07-07,3853.75,3914.25,3832.5,3905.0
2022-07-08,3897.0,3922.0,3868.0,3901.25
2022-07-11,3900.0,3900.75,3850.0,3856.75
2022-07-12,3862.0,3876.5,3804.75,3823.75
2022-07-13,3825.0,3873.0,3752.0,3804.5
2022-07-14,3795.75,3806.25,3723.75,3793.25
2022-07-15,3797.75,3868.25,3780.25,3865.0
2022-07-18,3878.5,3909.5,3820.25,3833.75
2022-07-19,3838.5,3948.0,3834.0,3937.5
2022-07-20,3947.0,3977.25,3922.25,3962.5
2022-07-21,3954.0,4004.75,3930.25,4001.25
2022-07-22,3988.0,4016.25,3941.5,3965.0
2022-07-25,3967.75,3988.75,3946.0,3970.0
2022-07-26,3959.0,3964.5,3913.25,3923.25
2022-07-27,3939.25,4042.75,3938.75,4024.5
2022-07-28,4022.0,4111.0,3994.5,4073.5
2022-07-29,4105.0,4144.0,4081.0,4133.5
2022-08-01,4137.5,4147.25,4097.0,4120.5
2022-08-02,4119.75,4143.0,4080.5,4093.75
2022-08-03,4097.0,4170.0,4084.5,4156.25
2022-08-04,4150.25,4173.25,4136.0,4152.25
2022-08-05,4152.0,4166.25,4103.75,4146.75
2022-08-08,4149.75,4188.0,4129.25,4141.75
2022-08-09,4148.5,4155.0,4113.0,4124.5
2022-08-10,4128.75,4213.5,4113.75,4210.0
2022-08-11,4210.75,4260.5,4202.75,4209.75
2022-08-12,4219.25,4282.75,4208.25,4281.0
2022-08-15,4277.0,4304.75,4249.0,4298.25
2022-08-16,4294.5,4327.5,4278.75,4307.75
2022-08-17,4309.25,4315.0,4255.0,4276.75
2022-08-18,4279.5,4295.5,4258.0,4286.5
2022-08-19,4287.0,4288.0,4220.75,4231.5
2022-08-22,4221.0,4221.5,4131.5,4141.25
2022-08-23,4147.0,4161.75,4118.0,4130.5
2022-08-24,4128.25,4158.5,4110.75,4142.75
2022-08-25,4148.75,4202.75,4143.0,4201.0
2022-08-26,4198.25,4217.25,4042.75,4059.5
2022-08-29,4024.0,4064.0,4006.75,4031.25
2022-08-30,4035.75,4072.75,3964.5,3987.5
2022-08-31,3987.25,4018.25,3953.0,3956.5
2022-09-01,3958.0,3971.25,3903.5,3968.75
2022-09-02,3967.5,4019.25,3906.0,3924.5
2022-09-06,3929.0,3963.25,3886.75,3910.5
2022-09-07,3907.5,3988.75,3883.5,3980.0
2022-09-08,3980.0,4011.5,3942.75,4005.5
2022-09-09,4010.25,4077.25,4005.75,4067.25
2022-09-12,4077.25,4119.75,4062.25,4110.75
2022-09-13,4118.25,4158.0,3919.75,3931.25
2022-09-14,3936.75,3962.75,3911.25,3947.5
2022-09-15,3955.0,3959.5,3888.0,3902.0
2022-09-16,3888.5,3888.5,3846.0,3871.24
2022-09-19,3889.5,3927.0,3846.25,3917.25
2022-09-20,3923.0,3936.25,3843.25,3872.75
2022-09-21,3878.75,3925.25,3792.0,3806.25
2022-09-22,3794.0,3833.0,3763.5,3772.0
2022-09-23,3777.25,3783.25,3660.25,3709.0
2022-09-26,3705.25,3730.5,3657.5,3670.0
2022-09-27,3668.0,3733.0,3635.25,3661.0
2022-09-28,3668.5,3751.25,3613.0,3732.0
2022-09-29,3730.25,3736.0,3622.0,3654.25
2022-09-30,3656.5,3693.75,3595.25,3601.5
2022-10-03,3593.25,3711.75,3571.75,3690.25
2022-10-04,3696.5,3808.75,3686.25,3803.25
2022-10-05,3801.0,3820.0,3734.0,3794.0
2022-10-06,3795.75,3819.5,3750.0,3756.75
2022-10-07,3745.75,3770.5,3632.5,3653.25
2022-10-10,3638.75,3667.5,3600.0,3625.25
2022-10-11,3624.75,3653.25,3579.0,3599.25
2022-10-12,3607.0,3635.25,3585.5,3588.5
2022-10-13,3596.25,3697.75,3502.0,3681.75
2022-10-14,3680.25,3733.75,3591.25,3597.5
2022-10-17,3591.0,3702.5,3590.5,3689.25
2022-10-18,3706.25,3777.25,3697.25,3732.75
2022-10-19,3759.75,3774.25,3676.75,3707.25
2022-10-20,3708.0,3748.0,3666.25,3675.25
2022-10-21,3677.75,3773.25,3641.5,3764.0
2022-10-24,3771.0,3822.0,3736.5,3809.25
2022-10-25,3803.25,3874.25,3790.0,3870.25
2022-10-26,3841.0,3897.5,3824.25,3841.0
2022-10-27,3844.25,3870.75,3757.5,3819.5
2022-10-28,3798.25,3924.25,3776.75,3911.25
2022-10-31,3911.5,3914.75,3872.25,3883.0
2022-11-01,3884.0,3928.0,3852.5,3866.0
2022-11-02,3863.0,3907.0,3760.25,3768.75
2022-11-03,3766.75,3782.5,3704.25,3727.75
2022-11-04,3724.0,3805.5,3711.0,3779.5
2022-11-07,3750.0,3821.75,3738.25,3815.25
2022-11-08,3812.75,3867.0,3792.75,3835.25
2022-11-09,3832.5,3848.75,3750.0,3755.5
2022-11-10,3757.0,3973.5,3751.5,3961.0
2022-11-11,3973.0,4009.75,3951.0,4000.25
2022-11-14,3984.0,4017.5,3964.0,3966.0
2022-11-15,3974.75,4050.75,3960.0,3999.5
2022-11-16,3992.0,4015.75,3962.0,3968.5
2022-11-17,3977.25,3990.25,3912.5,3955.25
2022-11-18,3960.5,3994.0,3942.5,3974.0
2022-11-21,3972.5,3982.0,3937.5,3958.0
2022-11-22,3957.75,4012.5,3945.25,4010.25
2022-11-23,4010.0,4039.5,4002.0,4033.0
2022-11-25,4038.75,4049.25,4024.75,4032.5
2022-11-28,4020.25,4024.0,3960.25,3970.25
2022-11-29,3972.0,3990.25,3941.25,3962.0
2022-11-30,3962.25,4093.5,3942.75,4081.25
2022-12-01,4094.5,4110.0,4054.5,4081.75
2022-12-02,4077.5,4085.5,4006.75,4075.5
2022-12-05,4074.0,4075.75,3987.25,4003.25
2022-12-06,4005.75,4014.75,3921.5,3945.0
2022-12-07,3944.5,3961.5,3914.0,3936.75
2022-12-08,3935.75,3977.25,3916.0,3965.75
2022-12-09,3964.75,3990.0,3930.0,3936.25
2022-12-12,3933.0,3992.75,3924.5,3991.75
2022-12-13,3989.25,4145.0,3985.0,4022.25
2022-12-14,4021.75,4073.0,3965.25,3998.0
2022-12-15,4004.25,4010.25,3878.5,3897.0
2022-12-16,3890.5,3904.25,3842.0,3871.47
2022-12-19,3874.0,3899.0,3827.25,3845.5
2022-12-20,3842.75,3866.5,3803.5,3849.25
2022-12-21,3857.25,3918.75,3855.5,3905.75
2022-12-22,3915.0,3919.75,3788.5,3849.25
2022-12-23,3850.0,3872.5,3821.25,3869.75
2022-12-27,3878.0,3900.5,3837.25,3855.0
2022-12-28,3858.0,3875.0,3804.5,3807.5
2022-12-29,3811.0,3882.75,3806.25,3871.75
2022-12-30,3869.75,3871.0,3821.5,3861.0
2023-01-03,3895.0,3906.75,3814.5,3846.0
2023-01-04,3842.75,3896.25,3836.5,3874.5
2023-01-05,3871.0,3885.5,3822.5,3829.0
2023-01-06,3833.0,3928.75,3819.0,3915.5
2023-01-09,3918.5,3973.25,3909.75,3913.75
2023-01-10,3914.5,3943.75,3891.5,3940.75
2023-01-11,3941.0,3992.5,3934.5,3990.0
2023-01-12,3991.75,4021.5,3954.0,4003.5
2023-01-13,4003.0,4024.25,3961.75,4018.25
2023-01-17,4020.0,4035.25,3996.75,4009.5
2023-01-18,4008.5,4033.5,3943.75,3945.75
2023-01-19,3945.25,3948.75,3901.75,3915.5
2023-01-20,3925.0,3990.5,3911.75,3988.5
2023-01-23,3987.0,4056.75,3980.25,4036.5
2023-01-24,4036.5,4047.5,4005.25,4032.75
2023-01-25,4039.0,4040.5,3963.25,4032.0
2023-01-26,4031.0,4077.0,4027.25,4075.5
2023-01-27,4065.0,4109.25,4057.25,4084.25
2023-01-30,4077.0,4086.0,4029.5,4032.5
2023-01-31,4039.25,4091.25,4007.5,4090.0
2023-02-01,4085.75,4163.25,4048.5,4132.25
2023-02-02,4145.5,4208.5,4136.75,4191.5
2023-02-03,4176.0,4194.0,4132.5,4147.75
2023-02-06,4134.25,4143.0,4104.0,4123.5
2023-02-07,4123.5,4188.25,4098.25,4175.75
2023-02-08,4167.25,4179.25,4121.25,4130.5
2023-02-09,4132.25,4170.25,4078.25,4091.75
2023-02-10,4098.0,4104.25,4060.75,4099.75
2023-02-13,4105.0,4150.75,4078.75,4147.25
2023-02-14,4149.75,4186.5,4103.75,4145.5
2023-02-15,4141.25,4161.75,4113.0,4158.25
2023-02-16,4159.0,4168.5,4095.0,4099.75
2023-02-17,4095.5,4096.0,4055.75,4087.5
2023-02-21,4083.0,4089.25,4002.0,4005.75
2023-02-22,4007.5,4025.0,3983.75,3999.0
2023-02-23,4010.0,4034.25,3974.25,4018.75
2023-02-24,4015.25,4023.25,3947.5,3975.75
2023-02-27,3976.5,4024.75,3973.0,3988.0
2023-02-28,3991.5,4003.75,3965.0,3975.5
2023-03-01,3968.5,3991.0,3943.0,3956.5
2023-03-02,3959.75,3995.25,3925.0,3984.75
2023-03-03,3983.0,4053.0,3974.0,4049.75
2023-03-06,4049.25,4082.5,4041.75,4052.5
2023-03-07,4053.75,4064.5,3982.5,3989.75
2023-03-08,3990.0,4003.25,3971.5,3995.0
2023-03-09,3997.0,4019.75,3909.5,3920.0
2023-03-10,3919.0,3941.75,3846.25,3862.75
2023-03-13,3887.75,3938.75,3808.75,3856.75
2023-03-14,3865.75,3938.0,3855.25,3920.5
2023-03-15,3920.5,3931.0,3834.0,3892.75
2023-03-16,3892.75,3966.5,3863.25,3960.5
2023-03-17,3962.25,3974.0,3923.0,3957.05
2023-03-20,3963.75,3989.5,3897.25,3983.0
2023-03-21,3986.5,4043.25,3981.75,4035.75
2023-03-22,4038.75,4073.75,3966.25,3970.5
2023-03-23,3972.75,4039.5,3948.5,3978.0
2023-03-24,3988.75,4010.75,3937.0,4001.25
2023-03-27,4008.0,4034.25,3997.5,4007.25
2023-03-28,4013.5,4023.75,3980.75,4001.5
2023-03-29,4006.5,4061.25,4006.0,4057.5
2023-03-30,4058.0,4087.75,4052.5,4080.0
2023-03-31,4081.0,4142.5,4078.0,4137.75
2023-04-03,4127.0,4157.75,4122.75,4153.75
2023-04-04,4152.5,4171.75,4115.25,4129.0
2023-04-05,4134.0,4135.5,4099.0,4117.25
2023-04-06,4113.75,4135.25,4096.5,4132.0
2023-04-10,4139.0,4143.0,4098.75,4136.25
2023-04-11,4138.5,4151.75,4128.75,4136.5
2023-04-12,4137.5,4177.75,4113.5,4119.0
2023-04-13,4117.5,4177.0,4110.25,4172.75
2023-04-14,4168.75,4189.0,4138.0,4163.75
2023-04-17,4174.25,4180.5,4148.0,4176.75
2023-04-18,4177.0,4198.25,4164.5,4180.0
2023-04-19,4176.0,4187.5,4150.5,4178.5
2023-04-20,4172.25,4173.5,4137.0,4152.5
2023-04-21,4153.75,4161.0,4135.25,4156.75
2023-04-24,4150.0,4164.25,4133.5,4159.5
2023-04-25,4157.25,4158.5,4091.5,4093.25
2023-04-26,4110.25,4116.25,4068.75,4076.0
2023-04-27,4085.5,4166.5,4080.75,4153.75
2023-04-28,4151.0,4193.75,4131.5,4188.5
2023-05-01,4190.0,4206.25,4178.5,4185.75
2023-05-02,4179.5,4191.5,4105.5,4136.75
2023-05-03,4133.25,4167.0,4095.0,4107.5
2023-05-04,4087.0,4118.0,4062.25,4075.75
2023-05-05,4077.25,4163.25,4076.75,4150.25
2023-05-08,4151.0,4161.0,4137.5,4152.75
2023-05-09,4150.5,4153.0,4131.0,4134.0
2023-05-10,4133.0,4173.25,4112.25,4152.0
2023-05-11,4152.75,4168.5,4121.5,4143.75
2023-05-12,4144.5,4164.5,4111.75,4138.0
2023-05-15,4132.25,4156.25,4123.0,4150.0
2023-05-16,4148.25,4151.5,4120.0,4123.0
2023-05-17,4126.0,4179.0,4122.0,4171.5
2023-05-18,4171.25,4215.75,4161.25,4212.0
2023-05-19,4215.5,4227.25,4191.5,4204.75
2023-05-22,4189.0,4221.75,4186.5,4205.0
2023-05-23,4207.5,4222.75,4153.0,4158.75
2023-05-24,4158.0,4166.25,4114.0,4126.0
2023-05-25,4157.0,4175.5,4131.5,4159.75
2023-05-26,4157.0,4221.25,4146.0,4213.25
2023-05-30,4239.75,4243.25,4200.0,4215.0
2023-05-31,4213.0,4217.75,4174.0,4190.5
2023-06-01,4188.5,4239.75,4178.0,4228.0
2023-06-02,4231.75,4297.75,4229.0,4288.0
2023-06-05,4288.0,4305.75,4273.0,4281.0
2023-06-06,4279.75,4294.75,4268.5,4289.75
2023-06-07,4292.25,4304.75,4269.25,4274.25
2023-06-08,4273.25,4302.5,4262.75,4298.25
2023-06-09,4297.75,4325.5,4284.0,4304.75
2023-06-12,4306.5,4346.5,4305.25,4342.75
2023-06-13,4345.0,4377.75,4335.75,4371.75
2023-06-14,4372.0,4394.75,4339.75,4374.25
2023-06-15,4378.75,4441.0,4350.0,4426.5
2023-06-16,4424.75,4453.35,4415.25,4453.35
2023-06-20,4458.0,4462.0,4410.5,4434.75
2023-06-21,4430.25,4438.5,4403.5,4409.25
2023-06-22,4410.0,4427.0,4393.0,4423.75
2023-06-23,4425.75,4426.25,4381.5,4389.0
2023-06-26,4390.0,4403.0,4368.5,4370.25
2023-06-27,4375.75,4424.75,4371.5,4418.75
2023-06-28,4414.0,4430.25,4399.25,4417.5
2023-06-29,4423.75,4438.0,4409.75,4435.75
2023-06-30,4435.25,4498.0,4433.0,4488.25
2023-07-03,4485.5,4494.0,4479.5,4492.25
2023-07-05,4492.0,4493.75,4466.25,4483.75
2023-07-06,4481.75,4483.5,4419.5,4447.0
2023-07-07,4441.25,4476.0,4431.5,4434.0
2023-07-10,4437.5,4448.25,4411.25,4444.25
2023-07-11,4445.75,4478.5,4439.0,4473.5
2023-07-12,4471.0,4523.75,4470.0,4507.5
2023-07-13,4510.5,4551.5,4509.25,4543.5
2023-07-14,4539.5,4560.5,4531.0,4536.75
2023-07-17,4536.0,4565.75,4528.0,4553.75
2023-07-18,4550.25,4594.5,4544.75,4587.75
2023-07-19,4582.75,4609.25,4582.25,4597.0
2023-07-20,4593.25,4594.25,4557.25,4565.5
2023-07-21,4566.25,4590.0,4561.75,4564.75
2023-07-24,4564.25,4592.5,4560.0,4583.5
2023-07-25,4584.5,4608.75,4579.25,4596.0
2023-07-26,4604.75,4610.75,4573.75,4595.25
2023-07-27,4594.75,4634.5,4553.75,4564.25
2023-07-28,4566.0,4616.5,4558.0,4606.5
2023-07-31,4608.75,4619.25,4595.25,4614.5
2023-08-01,4617.75,4621.75,4591.0,4601.25
2023-08-02,4580.0,4593.5,4527.75,4537.25
2023-08-03,4534.25,4547.5,4505.75,4521.75
2023-08-04,4523.5,4560.75,4493.75,4498.0
2023-08-07,4500.5,4541.75,4500.5,4537.75
2023-08-08,4539.5,4541.0,4482.0,4518.5
2023-08-09,4516.5,4536.25,4478.25,4485.75
2023-08-10,4493.25,4544.75,4473.5,4485.75
2023-08-11,4487.75,4496.25,4459.0,4480.75
2023-08-14,4485.0,4507.75,4465.0,4506.0
2023-08-15,4505.75,4517.75,4447.0,4454.0
2023-08-16,4453.25,4467.25,4417.0,4420.0
2023-08-17,4420.5,4436.75,4377.75,4384.5
2023-08-18,4379.25,4396.0,4350.0,4382.75
2023-08-21,4382.5,4421.0,4372.25,4412.5
2023-08-22,4410.25,4440.0,4394.25,4399.25
2023-08-23,4400.0,4476.25,4399.5,4447.0
2023-08-24,4470.5,4485.5,4378.5,4386.0
2023-08-25,4384.5,4429.0,4365.25,4414.25
2023-08-28,4418.0,4449.5,4414.5,4442.25
2023-08-29,4444.0,4509.5,4433.5,4506.75
2023-08-30,4508.75,4530.75,4496.25,4524.25
2023-08-31,4527.0,4541.25,4512.75,4516.0
2023-09-01,4516.75,4547.75,4507.25,4521.5
2023-09-05,4521.25,4531.25,4499.25,4502.5
2023-09-06,4500.0,4503.75,4447.0,4471.5
2023-09-07,4469.5,4471.75,4434.25,4456.25
2023-09-08,4458.25,4477.5,4443.0,4461.75
2023-09-11,4463.5,4493.5,4459.25,4490.25
2023-09-12,4487.75,4491.0,4458.75,4465.0
2023-09-13,4464.5,4481.0,4446.75,4468.75
2023-09-14,4471.75,4513.0,4470.25,4506.0
2023-09-15,4508.0,4517.75,4480.0,4491.72
2023-09-18,4499.5,4514.5,4487.0,4501.5
2023-09-19,4503.25,4509.5,4462.25,4490.0
2023-09-20,4491.25,4508.0,4443.25,4447.0
2023-09-21,4445.0,4447.0,4366.5,4372.0
2023-09-22,4370.25,4399.0,4357.25,4361.0
2023-09-25,4365.0,4383.5,4338.25,4378.75
2023-09-26,4382.0,4382.0,4305.5,4314.75
2023-09-27,4320.25,4336.5,4277.0,4313.5
2023-09-28,4323.25,4355.75,4301.0,4337.5
2023-09-29,4342.0,4371.25,4311.0,4325.5
2023-10-02,4349.0,4355.5,4295.5,4324.25
2023-10-03,4326.0,4335.75,4251.25,4264.75
2023-10-04,4262.75,4304.0,4235.5,4297.75
2023-10-05,4291.5,4302.0,4258.0,4290.75
2023-10-06,4287.5,4358.5,4242.25,4341.5
2023-10-09,4315.0,4375.75,4299.5,4368.75
2023-10-10,4368.75,4419.0,4366.25,4391.5
2023-10-11,4392.0,4419.75,4377.25,4409.75
2023-10-12,4417.75,4430.5,4355.5,4380.5
2023-10-13,4380.75,4407.75,4340.75,4357.25
2023-10-16,4356.75,4414.25,4354.5,4401.0
2023-10-17,4406.25,4423.25,4365.75,4401.75
2023-10-18,4398.0,4399.25,4330.75,4342.25
2023-10-19,4346.5,4366.5,4292.75,4303.0
2023-10-20,4295.0,4304.25,4243.5,4248.5
2023-10-23,4256.25,4280.75,4213.25,4241.75
2023-10-24,4250.25,4290.5,4242.0,4271.25
2023-10-25,4269.5,4273.5,4203.75,4209.75
2023-10-26,4202.0,4205.0,4146.25,4156.5
2023-10-27,4167.0,4185.0,4122.25,4137.75
2023-10-30,4148.0,4197.5,4143.5,4185.75
2023-10-31,4184.25,4215.0,4166.75,4212.25
2023-11-01,4205.0,4264.75,4191.25,4256.0
2023-11-02,4258.5,4339.75,4257.75,4335.75
2023-11-03,4327.5,4391.75,4325.5,4376.0
2023-11-06,4379.25,4389.5,4364.25,4384.25
2023-11-07,4380.0,4403.25,4366.0,4396.0
2023-11-08,4397.5,4407.75,4375.0,4399.5
2023-11-09,4393.25,4413.0,4357.75,4362.25
2023-11-10,4364.5,4435.5,4354.25,4430.5
2023-11-13,4425.75,4436.75,4407.25,4425.25
2023-11-14,4427.25,4524.25,4420.25,4511.0
2023-11-15,4515.5,4541.25,4510.75,4519.25
2023-11-16,4514.25,4529.5,4501.75,4523.25
2023-11-17,4527.75,4539.5,4512.75,4527.5
2023-11-20,4526.75,4571.0,4520.0,4562.25
2023-11-21,4561.75,4567.0,4536.75,4551.25
2023-11-22,4547.75,4580.5,4543.0,4567.25
2023-11-23,4564.0,4572.75,4562.0,4569.5
2023-11-24,4564.0,4574.0,4562.0,4568.25
2023-11-27,4568.5,4570.0,4552.0,4561.0
2023-11-28,4561.5,4577.25,4547.0,4563.0
2023-11-29,4564.0,4597.0,4555.5,4559.25
2023-11-30,4562.25,4579.5,4544.75,4576.75
2023-12-01,4571.75,4607.75,4562.5,4600.75
2023-12-04,4603.25,4604.5,4553.5,4576.5
2023-12-05,4573.0,4585.5,4555.5,4575.0
2023-12-06,4573.25,4598.5,4552.0,4556.0
2023-12-07,4556.0,4596.0,4548.75,4589.5
2023-12-08,4586.5,4613.75,4561.75,4607.5
2023-12-11,4607.75,4627.25,4599.5,4626.0
2023-12-12,4625.0,4649.75,4610.5,4645.75
2023-12-13,4649.0,4711.75,4645.0,4708.25
2023-12-14,4708.0,4739.25,4694.25,4721.75
2023-12-15,4716.0,4736.5,4694.27,4694.27
2023-12-18,4770.5,4802.25,4769.5,4793.0
2023-12-19,4790.5,4821.5,4787.75,4820.25
2023-12-20,4818.5,4830.75,4743.25,4749.75
2023-12-21,4751.0,4798.25,4751.0,4796.75
2023-12-22,4795.75,4821.75,4784.75,4805.25
2023-12-26,4800.25,4834.5,4800.25,4825.0
2023-12-27,4827.75,4836.5,4816.5,4833.5
2023-12-28,4834.5,4841.5,4828.0,4832.25
2023-12-29,4834.75,4841.0,4796.75,4820.0
2024-01-02,4818.0,4828.0,4765.5,4787.25
2024-01-03,4790.75,4790.75,4741.0,4746.5
2024-01-04,4750.0,4766.5,4727.0,4729.5
2024-01-05,4732.75,4760.25,4702.0,4734.75
2024-01-08,4735.75,4803.25,4715.25,4801.25
2024-01-09,4797.75,4804.0,4767.5,4792.75
2024-01-10,4790.75,4828.5,4786.0,4820.25
2024-01-11,4820.5,4838.0,4772.75,4815.5
2024-01-12,4811.25,4836.5,4791.5,4816.5
2024-01-16,4812.0,4823.0,4779.5,4798.5
2024-01-17,4799.75,4800.75,4746.25,4771.25
2024-01-18,4768.0,4817.0,4763.5,4811.25
2024-01-19,4811.25,4874.25,4808.5,4869.5
2024-01-22,4872.5,4898.25,4872.5,4881.0
2024-01-23,4881.75,4902.0,4874.25,4895.0
2024-01-24,4900.25,4933.25,4889.0,4898.0
2024-01-25,4899.5,4926.5,4893.25,4923.25
2024-01-26,4919.25,4934.25,4898.5,4916.25
2024-01-29,4908.75,4956.0,4901.75,4954.5
2024-01-30,4950.25,4957.25,4933.0,4951.0
2024-01-31,4930.25,4938.0,4866.0,4870.5
2024-02-01,4874.5,4963.75,4872.5,4928.5
2024-02-02,4952.75,4997.75,4925.75,4980.25
2024-02-05,4976.0,4980.75,4937.75,4962.0
2024-02-06,4959.5,4978.25,4954.5,4974.75
2024-02-07,4971.5,5020.0,4970.0,5015.25
2024-02-08,5015.75,5020.0,5003.75,5017.75
2024-02-09,5014.5,5048.5,5013.0,5044.0
2024-02-12,5042.5,5066.5,5031.5,5041.25
2024-02-13,5034.0,5040.0,4936.5,4971.25
2024-02-14,4974.25,5022.5,4968.75,5018.0
2024-02-15,5017.5,5051.75,5011.0,5046.5
2024-02-16,5049.5,5059.25,5012.75,5019.75
2024-02-20,5016.5,5029.5,4968.25,4991.5
2024-02-21,4990.0,5020.5,4959.0,4996.25
2024-02-22,5016.0,5107.75,5015.25,5097.75
2024-02-23,5094.25,5123.5,5092.0,5101.5
2024-02-26,5095.0,5108.0,5076.25,5080.25
2024-02-27,5077.5,5093.0,5067.0,5090.0
2024-02-28,5090.75,5091.25,5063.25,5081.0
2024-02-29,5072.0,5114.5,5060.0,5103.75
2024-03-01,5101.5,5149.25,5089.25,5146.0
2024-03-04,5142.0,5157.75,5132.0,5138.25
2024-03-05,5133.75,5135.5,5063.0,5085.75
2024-03-06,5091.0,5134.5,5083.75,5111.75
2024-03-07,5114.25,5170.5,5086.5,5161.75
2024-03-08,5159.25,5193.0,5121.75,5129.0
2024-03-11,5132.5,5133.25,5094.75,5123.0
2024-03-12,5129.0,5183.0,5112.75,5177.25
2024-03-13,5176.0,5183.75,5153.0,5168.0
2024-03-14,5171.5,5189.5,5124.25,5153.75
2024-03-15,5152.25,5167.0,5101.67,5101.67
2024-03-18,5185.75,5240.25,5181.75,5214.75
2024-03-19,5215.25,5244.75,5186.0,5241.75
2024-03-20,5239.75,5297.75,5233.0,5286.75
2024-03-21,5294.75,5322.75,5293.5,5302.5
2024-03-22,5306.75,5311.75,5287.75,5293.25
2024-03-25,5290.5,5295.0,5272.5,5278.25
2024-03-26,5280.75,5300.5,5263.0,5265.25
2024-03-27,5273.25,5313.75,5270.75,5308.25
2024-03-28,5308.0,5321.0,5301.0,5308.5
2024-04-01,5314.25,5333.5,5282.25,5295.25
2024-04-02,5294.5,5296.0,5235.0,5260.5
2024-04-03,5262.5,5280.75,5244.5,5266.5
2024-04-04,5270.75,5308.5,5192.5,5197.25
2024-04-05,5199.75,5272.5,5191.5,5253.0
2024-04-08,5263.25,5269.25,5236.5,5253.25
2024-04-09,5258.0,5274.25,5208.25,5260.25
2024-04-10,5264.25,5285.0,5176.5,5207.75
2024-04-11,5202.0,5257.5,5173.5,5243.25
2024-04-12,5244.0,5248.75,5150.0,5167.5
2024-04-15,5166.5,5213.25,5094.0,5104.0
2024-04-16,5101.25,5123.25,5078.75,5092.5
2024-04-17,5096.25,5120.5,5047.0,5062.25
2024-04-18,5063.0,5095.25,5038.5,5049.0
2024-04-19,5047.25,5058.0,4963.5,5003.75
2024-04-22,5014.25,5076.75,5006.0,5047.5
2024-04-23,5051.0,5113.5,5037.75,5106.5
2024-04-24,5115.25,5128.75,5072.25,5107.5
2024-04-25,5070.0,5132.75,5022.25,5082.25
2024-04-26,5132.0,5146.5,5104.5,5131.5
2024-04-29,5140.25,5154.25,5118.75,5147.0
2024-04-30,5148.5,5148.5,5051.0,5067.0
2024-05-01,5050.0,5126.75,5037.75,5046.5
2024-05-02,5057.0,5113.0,5036.25,5091.5
2024-05-03,5110.25,5166.75,5099.25,5154.75
2024-05-06,5166.75,5207.75,5155.75,5206.5
2024-05-07,5204.75,5226.75,5202.25,5213.75
2024-05-08,5211.75,5218.0,5188.75,5212.75
2024-05-09,5209.25,5244.75,5195.0,5239.0
2024-05-10,5240.75,5264.0,5232.75,5246.25
2024-05-13,5240.5,5264.0,5233.25,5245.5
2024-05-14,5241.75,5274.25,5216.75,5269.5
2024-05-15,5268.5,5337.25,5266.25,5333.0
2024-05-16,5331.5,5349.0,5315.5,5320.25
2024-05-17,5318.25,5328.75,5305.75,5327.25
2024-05-20,5329.25,5348.25,5323.75,5331.75
2024-05-21,5331.75,5347.5,5322.5,5345.25
2024-05-22,5343.5,5349.25,5306.75,5328.0
2024-05-23,5339.0,5368.25,5273.5,5285.25
2024-05-24,5285.75,5329.25,5285.75,5321.5
2024-05-28,5321.75,5339.0,5296.75,5324.75
2024-05-29,5323.75,5324.0,5268.25,5284.0
2024-05-30,5270.5,5277.0,5238.25,5253.0
2024-05-31,5250.5,5307.0,5205.5,5295.5
2024-06-03,5299.5,5313.25,5246.75,5297.25
2024-06-04,5300.25,5312.25,5262.0,5304.0
2024-06-05,5305.0,5368.25,5302.5,5366.0
2024-06-06,5367.75,5373.25,5345.25,5364.0
2024-06-07,5362.0,5385.5,5329.0,5355.75
2024-06-10,5351.5,5375.75,5338.25,5371.25
2024-06-11,5369.75,5386.25,5334.5,5384.0
2024-06-12,5384.5,5454.5,5380.0,5427.5
2024-06-13,5436.25,5452.75,5408.5,5438.5
2024-06-14,5436.0,5443.0,5397.75,5437.5
2024-06-17,5435.5,5494.0,5424.75,5478.5
2024-06-18,5480.25,5494.0,5473.5,5491.0
2024-06-20,5492.75,5518.5,5458.5,5476.75
2024-06-21,5477.0,5483.75,5460.5,5471.89
2024-06-24,5538.5,5558.5,5510.25,5517.0
2024-06-25,5516.0,5539.75,5511.0,5537.0
2024-06-26,5535.0,5551.75,5516.25,5543.5
2024-06-27,5533.0,5555.0,5515.75,5546.0
2024-06-28,5548.25,5585.0,5510.75,5521.5
2024-07-01,5534.25,5541.0,5504.5,5533.75
2024-07-02,5533.5,5569.75,5502.75,5568.75
2024-07-03,5563.75,5595.75,5559.75,5590.25
2024-07-05,5591.0,5626.0,5585.0,5621.5
2024-07-08,5612.0,5637.5,5610.75,5625.25
2024-07-09,5627.75,5645.75,5626.25,5631.25
2024-07-10,5631.75,5690.5,5630.75,5688.0
2024-07-11,5684.25,5707.75,5630.0,5639.75
2024-07-12,5638.5,5708.25,5621.25,5664.75
2024-07-15,5681.0,5718.75,5665.5,5683.0
2024-07-16,5688.75,5721.25,5673.0,5717.25
2024-07-17,5715.0,5717.75,5631.75,5639.0
2024-07-18,5644.0,5664.0,5570.25,5594.5
2024-07-19,5602.5,5607.5,5542.0,5553.75
2024-07-22,5564.5,5616.0,5553.5,5610.75
2024-07-23,5607.75,5629.75,5587.75,5599.25
2024-07-24,5585.0,5585.0,5462.0,5472.0
2024-07-25,5482.5,5533.25,5432.5,5441.25
2024-07-26,5446.0,5528.25,5445.25,5499.0
2024-07-29,5496.5,5534.5,5481.0,5503.0
2024-07-30,5504.5,5527.5,5433.0,5472.5
2024-07-31,5454.75,5588.5,5451.5,5558.0
2024-08-01,5574.75,5600.75,5444.75,5480.25
2024-08-02,5464.25,5473.25,5331.75,5376.0
2024-08-05,5330.0,5345.5,5120.0,5217.5
2024-08-06,5250.0,5342.0,5221.75,5266.25
2024-08-07,5241.5,5359.25,5196.75,5227.5
2024-08-08,5208.25,5361.0,5182.0,5348.25
2024-08-09,5348.25,5385.25,5319.5,5370.25
2024-08-12,5364.25,5396.75,5347.75,5369.75
2024-08-13,5372.5,5461.25,5367.5,5459.0
2024-08-14,5457.5,5487.75,5438.75,5477.0
2024-08-15,5481.25,5571.75,5471.75,5567.5
2024-08-16,5568.5,5586.25,5536.5,5578.25
2024-08-19,5584.0,5631.75,5565.25,5630.0
2024-08-20,5629.5,5643.75,5607.75,5619.75
2024-08-21,5619.5,5655.25,5613.5,5641.5
2024-08-22,5642.0,5665.25,5582.75,5594.0
2024-08-23,5597.75,5662.25,5597.75,5652.5
2024-08-26,5650.5,5669.0,5619.75,5637.0
2024-08-27,5630.0,5649.5,5611.5,5644.75
2024-08-28,5643.75,5650.5,5576.0,5610.25
2024-08-29,5580.5,5663.75,5561.25,5610.0
2024-08-30,5618.5,5665.0,5594.25,5661.0
2024-09-03,5656.25,5669.75,5516.75,5541.75
2024-09-04,5538.5,5565.0,5506.75,5530.0
2024-09-05,5527.5,5557.25,5490.0,5512.25
2024-09-06,5513.0,5532.5,5394.0,5419.5
2024-09-09,5410.0,5493.0,5405.25,5479.5
2024-09-10,5488.25,5506.0,5448.25,5504.0
2024-09-11,5499.25,5567.5,5412.0,5561.25
2024-09-12,5558.0,5607.0,5540.25,5602.25
2024-09-13,5598.5,5641.5,5597.25,5629.75
2024-09-16,5622.75,5641.5,5609.25,5638.0
2024-09-17,5633.25,5675.5,5617.0,5639.0
2024-09-18,5639.5,5696.25,5613.75,5620.75
2024-09-19,5631.5,5737.5,5631.5,5717.75
2024-09-20,5714.75,5717.25,5699.25,5699.99
2024-09-23,5762.0,5784.5,5745.25,5776.75
2024-09-24,5774.0,5794.25,5754.75,5792.0
2024-09-25,5792.25,5798.75,5768.0,5779.0
2024-09-26,5783.5,5830.0,5778.25,5804.5
2024-09-27,5804.25,5821.5,5782.0,5791.25
2024-09-30,5784.0,5820.25,5756.25,5814.25
2024-10-01,5807.0,5822.5,5733.0,5759.75
2024-10-02,5760.25,5773.25,5724.0,5760.25
2024-10-03,5769.5,5772.75,5725.75,5749.5
2024-10-04,5745.75,5804.75,5741.0,5800.0
2024-10-07,5802.0,5808.0,5734.25,5744.75
2024-10-08,5752.5,5806.75,5725.25,5800.5
2024-10-09,5799.25,5846.5,5780.75,5841.25
2024-10-10,5836.0,5844.0,5811.5,5829.0
2024-10-11,5831.0,5868.25,5816.0,5859.75
2024-10-14,5854.5,5918.5,5850.0,5908.25
2024-10-15,5914.25,5915.5,5850.0,5862.75
2024-10-16,5861.0,5892.75,5853.25,5887.0
2024-10-17,5882.75,5927.25,5871.25,5887.0
2024-10-18,5888.25,5915.5,5876.25,5906.0
2024-10-21,5911.5,5915.5,5865.0,5896.25
2024-10-22,5900.75,5904.25,5861.25,5892.5
2024-10-23,5887.25,5893.75,5801.0,5837.75
2024-10-24,5844.0,5870.0,5822.5,5849.0
2024-10-25,5853.25,5900.75,5835.0,5846.0
2024-10-28,5857.0,5884.5,5857.0,5861.5
2024-10-29,5867.0,5883.75,5837.5,5871.0
2024-10-30,5883.0,5893.0,5840.25,5852.0
2024-10-31,5840.0,5844.0,5733.25,5738.5
2024-11-01,5742.0,5803.75,5732.5,5758.25
2024-11-04,5741.75,5776.5,5724.25,5743.25
2024-11-05,5752.25,5823.25,5735.0,5812.25
2024-11-06,5820.25,5967.0,5814.75,5958.25
2024-11-07,5963.5,6013.0,5951.0,6003.75
2024-11-08,6007.75,6040.5,5990.25,6025.25
2024-11-11,6030.0,6053.25,6013.5,6031.75
2024-11-12,6029.25,6036.5,5986.75,6013.0
2024-11-13,6012.25,6035.25,5991.75,6016.0
2024-11-14,6017.75,6025.25,5964.25,5978.25
2024-11-15,5972.0,5974.25,5876.75,5896.5
2024-11-18,5899.75,5933.0,5886.5,5920.0
2024-11-19,5919.0,5947.5,5855.0,5938.75
2024-11-20,5937.75,5957.75,5880.0,5937.75
2024-11-21,5937.25,5985.0,5905.25,5970.5
2024-11-22,5967.0,5993.5,5940.75,5987.0
2024-11-25,6006.0,6040.0,5982.5,6006.5
2024-11-26,6013.25,6044.0,5976.25,6038.25
2024-11-27,6041.75,6047.0,6000.25,6015.0
2024-11-29,6015.0,6060.0,6014.75,6051.5
2024-12-02,6051.5,6068.5,6036.0,6061.75
2024-12-03,6064.0,6070.75,6047.5,6063.25
2024-12-04,6067.0,6102.25,6063.0,6098.5
2024-12-05,6095.25,6107.25,6081.5,6088.75
2024-12-06,6085.5,6111.0,6076.0,6099.0
2024-12-09,6096.25,6105.75,6060.0,6065.75
2024-12-10,6065.25,6075.25,6039.75,6046.25
2024-12-11,6052.75,6102.5,6045.5,6092.75
2024-12-12,6087.5,6088.25,6055.5,6060.75
2024-12-13,6065.0,6085.25,6041.25,6055.5
2024-12-16,6055.5,6090.5,6051.5,6080.5
2024-12-17,6077.0,6079.25,6040.75,6053.75
2024-12-18,6053.5,6074.5,5840.0,5872.25
2024-12-19,5881.75,5938.0,5865.5,5868.75
2024-12-20,5879.5,5879.5,5800.75,5840.26
2024-12-23,6001.75,6043.0,5965.0,6036.0
2024-12-24,6037.75,6099.5,6030.0,6098.0
2024-12-26,6099.25,6107.5,6063.25,6095.25
2024-12-27,6092.0,6095.25,5982.75,6027.0
2024-12-30,6028.75,6036.25,5918.25,5958.75
2024-12-31,5955.0,5983.25,5917.25,5935.75
2025-01-02,5949.25,5995.25,5874.75,5916.5
2025-01-03,5921.0,5996.75,5911.25,5989.5
2025-01-06,5994.5,6068.25,5980.75,6020.5
2025-01-07,6028.0,6045.5,5935.0,5954.25
2025-01-08,5955.5,5975.0,5917.0,5959.25
2025-01-09,5955.0,5957.0,5929.25,5944.75
2025-01-10,5943.75,5959.25,5845.25,5866.25
2025-01-13,5864.5,5883.25,5809.0,5874.5
2025-01-14,5887.25,5918.5,5842.5,5882.25
2025-01-15,5891.5,6001.25,5879.5,5989.0
2025-01-16,5988.5,6017.5,5961.75,5975.5
2025-01-17,5970.25,6051.5,5968.0,6033.5
2025-01-21,6032.25,6093.25,5994.5,6084.25
2025-01-22,6094.0,6135.75,6087.0,6120.5
2025-01-23,6120.0,6154.0,6101.5,6152.0
2025-01-24,6148.0,6162.25,6122.0,6133.25
2025-01-27,6102.25,6105.25,5948.0,6046.75
2025-01-28,6059.5,6105.5,6023.5,6097.0
2025-01-29,6090.75,6111.5,6042.25,6067.5
2025-01-30,6068.5,6116.25,6056.5,6099.25
2025-01-31,6106.0,6147.75,6057.75,6067.25
2025-02-03,5982.25,6062.0,5935.5,6022.25
2025-02-04,6069.0,6069.0,5987.0,6063.0
2025-02-05,6042.75,6092.0,6020.25,6086.5
2025-02-06,6090.25,6108.5,6070.0,6106.0
2025-02-07,6089.75,6123.25,6041.25,6049.5
2025-02-10,6016.0,6096.0,6014.0,6088.75
2025-02-11,6085.5,6098.75,6057.75,6092.25
2025-02-12,6090.75,6098.0,6020.75,6072.75
2025-02-13,6079.75,6138.0,6053.5,6135.25
2025-02-14,6131.75,6146.75,6121.25,6132.0
2025-02-18,6138.25,6157.75,6118.25,6146.75
2025-02-19,6143.75,6166.5,6129.25,6163.0
2025-02-20,6153.75,6159.5,6102.75,6136.5
2025-02-21,6132.5,6142.5,6024.5,6029.0
2025-02-24,6040.75,6067.5,5994.5,6000.75
2025-02-25,6006.5,6016.0,5924.0,5970.0
2025-02-26,5982.0,6023.75,5945.5,5970.75
2025-02-27,5980.0,6014.5,5873.0,5876.25
2025-02-28,5883.0,5971.0,5848.0,5963.25
2025-03-03,5967.5,6000.5,5821.75,5860.75
2025-03-04,5874.0,5884.0,5744.0,5789.5
2025-03-05,5832.0,5869.5,5750.75,5851.25
2025-03-06,5844.75,5853.5,5720.0,5746.25
2025-03-07,5766.0,5791.0,5673.0,5776.0
2025-03-10,5753.0,5757.75,5571.5,5620.75
2025-03-11,5622.0,5651.75,5534.0,5577.0
2025-03-12,5580.0,5675.0,5550.25,5604.75
2025-03-13,5596.5,5623.0,5509.25,5527.5
2025-03-14,5540.0,5648.75,5538.75,5640.0
2025-03-17,5626.75,5707.5,5599.0,5680.25
2025-03-18,5680.0,5686.25,5600.0,5618.0
2025-03-19,5618.5,5718.5,5606.25,5678.5
2025-03-20,5680.0,5714.25,5631.5,5662.5
2025-03-21,5664.0,5674.25,5597.5,5617.8
2025-03-24,5740.0,5825.5,5739.0,5815.5
2025-03-25,5813.0,5837.25,5802.25,5826.5
2025-03-26,5831.0,5836.5,5743.0,5759.5
2025-03-27,5737.25,5779.75,5720.0,5739.25
2025-03-28,5741.75,5747.75,5602.25,5623.0
2025-03-31,5590.0,5672.75,5533.75,5653.25
2025-04-01,5644.25,5694.75,5600.25,5674.5
2025-04-02,5672.0,5773.25,5566.25,5712.25
2025-04-03,5550.5,5564.75,5415.25,5432.75
2025-04-04,5423.0,5435.0,5074.0,5110.25
2025-04-07,5007.0,5286.5,4832.0,5097.25
2025-04-08,5126.5,5305.25,4940.5,5020.25
2025-04-09,5006.25,5520.0,4871.75,5491.0
2025-04-10,5502.5,5528.75,5146.75,5302.0
2025-04-11,5299.25,5418.25,5206.0,5391.25
2025-04-14,5452.5,5497.75,5391.0,5440.75
2025-04-15,5431.75,5485.0,5413.0,5428.25
2025-04-16,5403.75,5425.0,5251.0,5305.75
2025-04-17,5308.0,5371.25,5285.5,5312.75
2025-04-21,5283.75,5306.75,5127.25,5184.75
2025-04-22,5182.5,5339.25,5171.75,5314.75
2025-04-23,5379.75,5499.75,5377.75,5401.75
2025-04-24,5409.0,5541.5,5355.25,5511.25
2025-04-25,5529.0,5562.25,5480.25,5549.75
2025-04-28,5544.0,5578.75,5492.0,5553.0
2025-04-29,5543.0,5597.25,5521.5,5583.75
2025-04-30,5579.5,5626.25,5455.5,5587.0
2025-05-01,5617.5,5682.5,5601.75,5623.25
2025-05-02,5608.5,5724.75,5601.0,5709.0
2025-05-05,5705.0,5706.25,5655.25,5671.75
2025-05-06,5666.25,5673.25,5605.0,5625.75
2025-05-07,5608.5,5689.75,5596.0,5652.0
2025-05-08,5643.25,5741.0,5636.5,5684.5
2025-05-09,5688.5,5715.25,5662.5,5678.0
2025-05-12,5761.0,5876.25,5734.25,5865.0
2025-05-13,5868.0,5927.0,5835.75,5904.5
2025-05-14,5902.0,5925.0,5890.0,5908.5
2025-05-15,5904.0,5944.5,5867.0,5933.25
2025-05-16,5935.0,5977.5,5923.0,5975.5
2025-05-19,5930.25,5987.5,5892.75,5982.5
2025-05-20,5980.0,5993.5,5926.75,5959.75
2025-05-21,5953.5,5958.25,5847.75,5861.25
2025-05-22,5858.0,5895.0,5828.75,5856.75
2025-05-23,5869.25,5872.0,5756.5,5817.0
2025-05-27,5820.0,5941.75,5813.0,5934.25
2025-05-28,5940.75,5952.5,5890.0,5902.75
2025-05-29,5923.5,6008.0,5884.0,5922.75
2025-05-30,5912.25,5932.75,5853.25,5916.0
2025-06-02,5898.75,5955.5,5867.5,5947.25
2025-06-03,5949.0,5991.25,5909.25,5981.5
2025-06-04,5980.0,5999.0,5974.0,5981.0
2025-06-05,5974.25,6016.5,5928.75,5946.0
2025-06-06,5931.75,6025.0,5930.0,6006.75
2025-06-09,6010.0,6027.75,5992.25,6010.25
2025-06-10,6012.25,6049.5,5991.25,6045.0
2025-06-11,6038.75,6074.75,6006.25,6029.0
2025-06-12,6022.25,6051.25,5987.75,6049.5
2025-06-13,6045.0,6045.0,5927.5,5979.25
2025-06-16,5949.0,6055.25,5944.0,6035.75
2025-06-17,6038.5,6040.5,5976.75,5985.0
2025-06-18,5977.25,6020.75,5964.75,5981.5
2025-06-20,5984.0,6019.25,5918.25,6010.21
2025-06-23,5964.0,6081.5,5959.0,6077.0
2025-06-24,6078.0,6155.25,6075.25,6146.25
2025-06-25,6144.75,6160.25,6130.75,6147.0
2025-06-26,6144.75,6200.0,6141.25,6195.0
2025-06-27,6197.5,6239.0,6183.25,6223.75
2025-06-30,6223.25,6265.5,6223.25,6253.75
2025-07-01,6245.75,6261.5,6227.25,6248.75
2025-07-02,6247.75,6279.5,6235.5,6275.0
2025-07-03,6276.5,6333.25,6270.5,6324.25
2025-07-04,6320.75,6322.75,6276.5,6283.5
2025-07-07,6307.75,6315.0,6246.25,6276.0
2025-07-08,6262.5,6289.0,6254.5,6272.0
2025-07-09,6272.0,6315.25,6260.0,6307.25
2025-07-10,6306.0,6335.5,6287.5,6324.25
2025-07-11,6323.0,6330.25,6276.75,6300.0
2025-07-14,6274.0,6315.0,6259.75,6311.0
2025-07-15,6309.5,6343.0,6272.5,6284.0
2025-07-16,6273.75,6308.75,6241.0,6303.25
2025-07-17,6299.25,6345.5,6288.25,6340.5
2025-07-18,6342.5,6357.0,6323.25,6334.75
2025-07-21,6335.75,6374.0,6329.75,6344.75
2025-07-22,6347.0,6353.75,6318.75,6346.75
2025-07-23,6346.5,6407.25,6342.75,6396.25
2025-07-24,6404.0,6418.25,6391.5,6401.5
2025-07-25,6406.75,6431.0,6401.0,6425.0
2025-07-28,6450.0,6457.75,6408.75,6422.75
2025-07-29,6424.25,6442.5,6396.25,6406.0
2025-07-30,6404.0,6435.25,6366.75,6396.25
2025-07-31,6435.5,6468.5,6357.5,6374.25
2025-08-01,6359.5,6373.5,6239.5,6264.5
2025-08-04,6257.0,6370.0,6251.25,6356.0
2025-08-05,6370.0,6377.5,6315.5,6325.25
2025-08-06,6323.0,6379.5,6313.25,6371.0
2025-08-07,6371.0,6426.75,6334.5,6366.5
2025-08-08,6372.5,6425.75,6369.25,6413.5
2025-08-11,6422.75,6431.5,6387.5,6399.75
2025-08-12,6396.0,6470.0,6391.25,6468.5
2025-08-13,6468.0,6502.5,6461.0,6488.75
2025-08-14,6485.0,6496.0,6453.25,6490.5
2025-08-15,6489.25,6508.75,6461.5,6471.5
2025-08-18,6467.0,6484.25,6456.0,6469.25
2025-08-19,6468.5,6477.5,6419.25,6432.5
2025-08-20,6433.0,6438.0,6362.75,6413.25
2025-08-21,6414.25,6419.0,6370.25,6388.25
2025-08-22,6392.0,6496.25,6364.0,6483.25
2025-08-25,6493.0,6494.0,6453.0,6455.5
2025-08-26,6460.25,6487.5,6430.75,6482.5
2025-08-27,6486.75,6505.5,6459.25,6496.0
2025-08-28,6485.0,6523.0,6471.0,6517.5
2025-08-29,6516.0,6518.0,6455.5,6472.75
2025-09-02,6478.75,6491.5,6371.75,6425.5
2025-09-03,6448.0,6464.25,6425.5,6457.25
2025-09-04,6460.0,6516.75,6454.5,6510.75
2025-09-05,6515.75,6541.75,6452.0,6489.75
2025-09-08,6483.75,6516.5,6480.25,6506.0
2025-09-09,6507.75,6536.25,6489.25,6521.75
2025-09-10,6532.25,6565.25,6522.5,6539.75
2025-09-11,6535.75,6600.0,6535.5,6592.5
2025-09-12,6596.25,6606.0,6576.0,6588.25
2025-09-15,6588.25,6623.5,6585.25,6621.5
2025-09-16,6616.25,6639.0,6604.25,6610.75
2025-09-17,6613.0,6629.0,6554.0,6601.25
2025-09-18,6606.0,6662.0,6605.75,6635.0
2025-09-19,6640.0,6660.75,6622.75,6658.77
2025-09-22,6716.0,6756.75,6695.25,6752.5
2025-09-23,6749.5,6756.5,6701.75,6715.0
2025-09-24,6717.75,6728.75,6678.0,6692.25
2025-09-25,6697.25,6705.25,6624.25,6659.75
2025-09-26,6662.75,6703.75,6653.25,6696.5
2025-09-29,6697.0,6736.0,6696.25,6713.5
2025-09-30,6708.0,6743.5,6693.0,6738.75
2025-10-01,6725.5,6769.5,6680.0,6761.5
2025-10-02,6757.0,6782.25,6741.5,6766.75
2025-10-03,6764.75,6800.0,6754.0,6764.0
2025-10-06,6768.0,6797.75,6766.5,6788.75
2025-10-07,6789.5,6802.75,6747.25,6761.5
2025-10-08,6766.0,6807.75,6758.25,6801.25
2025-10-09,6802.75,6812.25,6760.75,6779.25
2025-10-10,6779.5,6806.5,6540.25,6595.25
2025-10-13,6632.0,6711.5,6632.0,6694.75
2025-10-14,6691.0,6722.5,6593.25,6686.5
2025-10-15,6684.25,6766.75,6651.5,6715.0
2025-10-16,6715.25,6750.5,6632.0,6668.75
2025-10-17,6659.25,6718.0,6571.25,6702.5
2025-10-20,6721.0,6783.0,6694.0,6773.75
2025-10-21,6779.5,6789.75,6759.25,6773.25
2025-10-22,6776.0,6788.75,6690.75,6737.0
2025-10-23,6733.5,6785.75,6717.5,6775.0
2025-10-24,6778.25,6841.25,6776.5,6827.0
2025-10-27,6881.0,6916.25,6865.75,6908.25
2025-10-28,6914.0,6944.75,6901.5,6925.75
2025-10-29,6929.25,6952.0,6882.25,6922.75
2025-10-30,6906.5,6953.75,6851.0,6855.5
2025-10-31,6897.0,6918.5,6843.5,6874.0
2025-11-03,6878.0,6909.5,6849.5,6882.75
2025-11-04,6884.0,6884.0,6786.25,6801.75
2025-11-05,6801.0,6857.75,6748.5,6825.25
2025-11-06,6828.5,6843.5,6733.5,6747.5
2025-11-07,6763.0,6772.0,6655.5,6753.75
2025-11-10,6788.0,6865.75,6772.0,6856.75
2025-11-11,6857.25,6880.0,6830.5,6871.5
2025-11-12,6874.0,6900.5,6852.0,6875.75
2025-11-13,6873.25,6892.5,6746.0,6760.0
2025-11-14,6762.75,6795.5,6670.5,6755.25
2025-11-17,6764.75,6801.5,6658.5,6692.0
2025-11-18,6696.5,6708.75,6594.0,6639.75
2025-11-19,6630.75,6709.0,6613.25,6661.5
2025-11-20,6697.5,6791.25,6550.5,6557.5
2025-11-21,6560.0,6677.5,6525.0,6620.25
2025-11-24,6654.75,6731.75,6625.0,6721.25
2025-11-25,6726.25,6792.5,6674.5,6781.5
2025-11-26,6781.0,6846.75,6778.25,6828.0
2025-11-28,6830.25,6863.75,6824.25,6859.5
2025-12-01,6854.75,6864.5,6802.0,6826.75
2025-12-02,6829.0,6863.5,6812.25,6840.25
2025-12-03,6843.0,6873.25,6817.5,6862.0
2025-12-04,6866.0,6880.75,6836.25,6866.75
2025-12-05,6865.5,6905.0,6856.75,6878.25
2025-12-08,6883.0,6893.75,6835.25,6855.75
2025-12-09,6865.0,6872.75,6844.0,6848.25
2025-12-10,6847.25,6908.0,6830.75,6891.75
2025-12-11,6887.0,6928.75,6817.5,6907.25
2025-12-12,6914.0,6915.5,6805.0,6830.75
2025-12-15,6831.0,6872.5,6806.25,6823.0
2025-12-16,6825.25,6833.75,6762.0,6801.0
2025-12-17,6796.0,6826.75,6723.75,6726.5
2025-12-18,6739.25,6818.5,6720.25,6778.25
2025-12-19,6772.25,6802.75,6768.0,6796.54
2025-12-22,6906.25,6936.25,6900.5,6930.25
2025-12-23,6930.75,6963.75,6913.25,6961.0
2025-12-24,6959.5,6988.0,6952.5,6982.5
2025-12-26,6979.5,6994.0,6969.0,6979.25
2025-12-29,6980.5,6984.75,6936.0,6955.0
2025-12-30,6956.5,6961.5,6940.75,6944.25
2025-12-31,6945.5,6951.5,6890.25,6892.5
2026-01-02,6902.0,6939.75,6866.75,6900.5
2026-01-05,6911.5,6963.5,6899.5,6943.75
2026-01-06,6945.5,6991.5,6931.0,6987.75
2026-01-07,6988.5,7006.75,6958.0,6963.25
2026-01-08,6967.5,6977.75,6935.25,6962.0
2026-01-09,6973.25,7017.5,6954.25,7005.0
2026-01-12,7007.0,7025.25,6950.0,7016.5
2026-01-13,7014.0,7036.25,6976.75,7001.75
2026-01-14,6998.5,7002.5,6923.25,6966.25
2026-01-15,6955.75,7017.25,6949.5,6981.75
2026-01-16,6986.75,7007.0,6960.5,6976.75
2026-01-20,6918.25,6935.0,6822.25,6829.5
2026-01-21,6839.0,6945.25,6814.5,6910.0
2026-01-22,6920.0,6969.0,6911.25,6945.0
2026-01-23,6938.0,6964.0,6924.75,6945.75
2026-01-26,6904.0,6995.5,6879.0,6981.25
2026-01-27,6977.0,7018.5,6972.0,7008.5
2026-01-28,7010.25,7043.0,6977.25,7007.25
2026-01-29,7021.5,7029.5,6898.25,6992.75
2026-01-30,6992.75,6995.0,6917.5,6965.75
2026-02-02,6938.5,7017.25,6864.5,7002.5
2026-02-03,7004.25,7027.25,6886.25,6941.75
2026-02-04,6934.0,6965.75,6862.5,6906.25
2026-02-05,6915.5,6935.25,6785.0,6820.75
2026-02-06,6785.5,6965.5,6751.5,6952.75
2026-02-09,6960.25,7000.5,6921.0,6983.25
2026-02-10,6985.0,7006.5,6957.0,6961.5
2026-02-11,6971.5,7011.5,6931.0,6960.5
2026-02-12,6964.5,6992.75,6842.0,6851.0
2026-02-13,6865.5,6897.75,6808.75,6850.5
2026-02-17,6852.5,6885.5,6791.0,6860.5
2026-02-18,6862.75,6925.75,6848.75,6894.25
2026-02-19,6891.75,6912.5,6847.75,6877.0
2026-02-20,6874.25,6931.5,6847.25,6923.25
2026-02-23,6918.0,6930.25,6832.75,6851.5
2026-02-24,6858.25,6912.75,6828.5,6903.75
2026-02-25,6900.25,6983.75,6892.25,6959.75
2026-02-26,6965.0,6970.75,6870.75,6920.0
2026-02-27,6899.0,6915.5,6841.5,6889.0
2026-03-02,6820.0,6911.25,6768.5,6888.25
2026-03-03,6883.5,6886.0,6718.75,6824.75
2026-03-04,6813.25,6894.0,6773.5,6876.0
2026-03-05,6883.25,6900.75,6777.0,6835.25
2026-03-06,6826.0,6854.0,6715.75,6743.75
2026-03-09,6685.5,6818.5,6584.5,6801.0
2026-03-10,6800.75,6852.0,6762.5,6787.25
2026-03-11,6796.75,6822.5,6749.75,6779.5
2026-03-12,6766.0,6769.5,6671.75,6677.5
2026-03-13,6684.25,6737.5,6625.0,6636.0
2026-03-16,6608.5,6734.25,6608.5,6704.75
2026-03-17,6700.0,6757.5,6665.25,6721.75
2026-03-18,6722.5,6762.25,6604.0,6626.0
2026-03-19,6622.0,6644.5,6561.75,6609.25
2026-03-20,6622.75,6635.0,6558.0,6594.63
2026-03-23,6510.0,6748.0,6483.5,6634.75
2026-03-24,6635.0,6680.5,6573.5,6606.0
2026-03-25,6646.5,6684.75,6616.5,6640.75
2026-03-26,6641.5,6647.0,6517.0,6525.0
2026-03-27,6536.0,6568.5,6389.0,6412.25
2026-03-30,6380.0,6481.75,6359.5,6388.25
2026-03-31,6385.25,6583.25,6353.25,6570.75
2026-04-01,6562.0,6653.75,6561.0,6617.75
2026-04-02,6618.5,6644.5,6503.75,6622.25
2026-04-06,6590.0,6661.0,6567.0,6651.0
2026-04-07,6650.5,6673.5,6572.75,6656.75
2026-04-08,6689.0,6847.25,6652.25,6823.75
2026-04-09,6814.25,6876.0,6792.5,6863.25
2026-04-10,6858.0,6888.0,6846.25,6855.25
2026-04-13,6780.0,6928.25,6767.0,6922.75
2026-04-14,6925.25,7008.0,6920.25,7004.75
2026-04-15,7004.0,7064.5,6991.75,7060.5
2026-04-16,7057.25,7089.0,7046.5,7077.0
2026-04-17,7077.25,7185.75,7075.25,7161.5
2026-04-20,7102.5,7160.5,7085.0,7148.0
2026-04-21,7150.75,7183.0,7085.0,7100.0
2026-04-22,7125.0,7173.0,7121.25,7171.25
2026-04-23,7163.0,7181.5,7079.25,7143.5
2026-04-24,7143.0,7200.5,7135.5,7194.75
2026-04-27,7185.0,7211.25,7171.5,7206.0
2026-04-28,7204.75,7223.25,7146.25,7171.0
2026-04-29,7172.5,7190.75,7131.25,7168.0
2026-04-30,7150.0,7253.5,7133.75,7243.75
2026-05-01,7256.0,7300.75,7240.75,7258.0
2026-05-04,7276.25,7279.75,7199.5,7230.25
2026-05-05,7228.75,7304.25,7223.75,7287.25
2026-05-06,7300.5,7395.75,7293.5,7389.5
2026-05-07,7380.5,7410.5,7345.5,7363.0
2026-05-08,7340.0,7427.75,7336.25,7419.0
2026-05-11,7403.5,7454.75,7390.5,7436.75
2026-05-12,7435.5,7443.75,7363.25,7426.5
2026-05-13,7419.25,7483.75,7399.0,7469.5
2026-05-14,7477.5,7540.0,7471.0,7525.5
2026-05-15,7522.25,7528.25,7409.25,7432.25
2026-05-18,7410.0,7454.25,7373.5,7425.75
2026-05-19,7423.5,7440.75,7354.25,7378.0
2026-05-20,7377.0,7458.0,7356.0,7451.75
2026-05-21,7432.75,7486.75,7407.5,7466.0
2026-05-22,7467.0,7524.0,7466.75,7491.0
2026-05-26,7519.0,7569.75,7517.0,7537.0
2026-05-27,7533.0,7570.75,7515.0,7540.0
2026-05-28,7553.75,7590.75,7505.75,7581.75
2026-05-29,7587.5,7611.5,7572.75,7595.75
2026-06-01,7595.0,7632.25,7576.25,7613.25
2026-06-02,7612.0,7632.0,7576.5,7623.75
2026-06-03,7628.0,7628.5,7541.75,7571.75
2026-06-04,7539.75,7611.5,7524.5,7601.0
2026-06-05,7589.5,7591.0,7359.0,7400.5
2026-06-08,7368.0,7476.75,7355.5,7416.0
2026-06-09,7412.75,7491.0,7247.25,7392.75
2026-06-10,7380.0,7404.75,7256.0,7278.5
2026-06-11,7259.25,7420.0,7232.25,7396.0
2026-06-12,7397.5,7461.75,7366.5,7435.0
2026-06-15,7480.0,7584.5,7480.0,7561.25
2026-06-16,7560.75,7570.5,7509.75,7518.5
2026-06-17,7514.5,7544.5,7405.0,7424.5
2026-06-18,7440.5,7514.5,7436.25,7508.43
2026-06-22,7543.25,7599.25,7513.0,7541.25
2026-06-23,7541.25,7549.5,7415.25,7437.5
2026-06-24,7449.25,7496.5,7404.25,7428.25
2026-06-25,7476.25,7496.0,7390.5,7423.25
2026-06-26,7431.0,7459.5,7357.25,7401.75
2026-06-29,7398.0,7505.0,7398.0,7500.25
2026-06-30,7495.5,7567.75,7481.75,7548.25
2026-07-01,7543.25,7579.0,7505.75,7543.5
2026-07-02,7536.0,7593.75,7479.5,7528.25
2026-07-06,7562.25,7602.5,7538.25,7591.5
2026-07-07,7597.0,7601.25,7529.5,7551.25
2026-07-08,7545.0,7563.0,7468.5,7528.75
2026-07-09,7517.25,7595.0,7516.25,7588.75
2026-07-10,7587.25,7628.75,7552.75,7620.25
2026-07-13,7607.0,7615.25,7547.25,7563.0
2026-07-14,7557.0,7613.75,7531.5,7591.25
2026-07-15,7589.75,7626.25,7571.75,7614.75
2026-07-16,7615.0,7632.0,7548.25,7577.75
2026-07-17,7572.75,7575.0,7473.0,7497.75
2026-07-20,7485.0,7552.0,7476.75,7484.25
2026-07-21,7484.0,7554.0,7473.0,7545.75
2026-07-22,7545.0,7563.5,7504.0,7540.25
2026-07-23,7530.25,7549.5,7411.75,7445.0
2026-07-24,7450.5,7496.5,7431.5,7447.5
2026-07-27,7490.0,7524.75,7416.25,7448.25
2026-07-28,7453.0,7485.75,7417.0,7465.25
2026-07-29,7464.0,7501.0,7324.0,7351.25
2026-07-30,7338.0,7498.0,7331.0,7472.5
2026-07-31,7479.5,7541.0,7427.5,7519.25
2026-08-04,7631.0,7647.5,7629.0,7645.5
