date,open,high,low,close
2016-08-03,1.1152,1.1156,1.1118,1.1152
2016-08-04,1.1134,1.1161,1.1049,1.1135
2016-08-07,1.1088,1.1106,1.1074,1.109
2016-08-08,1.1087,1.1122,1.1072,1.1084
2016-08-09,1.1118,1.12,1.1118,1.1116
2016-08-10,1.1186,1.1191,1.1138,1.1186
2016-08-11,1.1139,1.122,1.1133,1.1139
2016-08-14,1.1167,1.1206,1.1155,1.1167
2016-08-15,1.1184,1.1324,1.1179,1.1184
2016-08-16,1.1279,1.1294,1.1256,1.1276
2016-08-17,1.1302,1.134,1.1296,1.1299
2016-08-18,1.1349,1.1352,1.1306,1.1349
2016-08-21,1.1301,1.1333,1.1274,1.1298
2016-08-22,1.1319,1.1357,1.131,1.1319
2016-08-23,1.1303,1.1313,1.1246,1.1301
2016-08-24,1.1263,1.13,1.1261,1.1264
2016-08-25,1.1289,1.134,1.1235,1.1291
2016-08-28,1.1197,1.121,1.1161,1.1199
2016-08-29,1.1192,1.1192,1.114,1.1193
2016-08-30,1.1151,1.1164,1.1126,1.1153
2016-08-31,1.1158,1.12,1.113,1.1161
2016-09-01,1.1201,1.1251,1.1154,1.1201
2016-09-04,1.1161,1.1184,1.1141,1.1162
2016-09-05,1.1152,1.1254,1.1145,1.1153
2016-09-06,1.1249,1.1265,1.1233,1.1254
2016-09-07,1.1241,1.133,1.1238,1.1241
2016-09-08,1.1269,1.1287,1.1206,1.1271
2016-09-11,1.1241,1.1263,1.1215,1.1241
2016-09-12,1.1241,1.126,1.122,1.1244
2016-09-13,1.122,1.1275,1.1215,1.1219
2016-09-14,1.1245,1.1282,1.1221,1.1247
2016-09-15,1.1248,1.125,1.1156,1.1246
2016-09-18,1.1161,1.121,1.1154,1.1158
2016-09-19,1.1179,1.1213,1.1166,1.1181
2016-09-20,1.1156,1.1169,1.1126,1.1154
2016-09-21,1.1193,1.1259,1.1182,1.1193
2016-09-22,1.121,1.123,1.1196,1.121
2016-09-25,1.124,1.1279,1.1222,1.1239
2016-09-26,1.1251,1.126,1.1194,1.125
2016-09-27,1.1218,1.1237,1.1184,1.122
2016-09-28,1.1225,1.125,1.1199,1.1225
2016-09-29,1.1222,1.125,1.1154,1.122
2016-10-02,1.1236,1.1244,1.1206,1.1235
2016-10-03,1.1213,1.125,1.114,1.121
2016-10-04,1.1211,1.124,1.1192,1.1211
2016-10-05,1.1208,1.1212,1.115,1.1208
2016-10-06,1.1146,1.1202,1.1106,1.1145
2016-10-09,1.1195,1.1202,1.1151,1.1197
2016-10-10,1.1143,1.1143,1.1056,1.1141
2016-10-11,1.1062,1.1062,1.1006,1.1062
2016-10-12,1.1013,1.1049,1.0986,1.1012
2016-10-13,1.105,1.1058,1.0985,1.105
2016-10-16,1.0969,1.1012,1.0965,1.0968
2016-10-17,1.1012,1.1029,1.0972,1.1016
2016-10-18,1.0976,1.1005,1.0956,1.0977
2016-10-19,1.0976,1.1029,1.0916,1.0975
2016-10-20,1.093,1.0931,1.0862,1.093
2016-10-23,1.0885,1.0902,1.086,1.0883
2016-10-24,1.0875,1.09,1.0853,1.0875
2016-10-25,1.0887,1.0948,1.0877,1.0887
2016-10-26,1.0911,1.0942,1.0894,1.0912
2016-10-27,1.09,1.0953,1.0898,1.09
2016-10-31,1.0984,1.0984,1.0939,1.0985
2016-11-01,1.0973,1.1051,1.0962,1.0973
2016-11-02,1.1059,1.112,1.1052,1.1057
2016-11-03,1.1098,1.1128,1.1061,1.1098
2016-11-04,1.1102,1.1126,1.1084,1.1102
2016-11-07,1.1096,1.1112,1.1034,1.1101
2016-11-08,1.105,1.1068,1.1031,1.1052
2016-11-09,1.102,1.1302,1.0934,1.1019
2016-11-10,1.092,1.0955,1.0866,1.0921
2016-11-11,1.089,1.0925,1.0857,1.089
2016-11-14,1.0826,1.0874,1.0711,1.0825
2016-11-15,1.0747,1.0817,1.0724,1.075
2016-11-16,1.0726,1.0761,1.0671,1.0727
2016-11-17,1.0705,1.075,1.0667,1.0707
2016-11-18,1.0625,1.064,1.0573,1.0623
2016-11-21,1.0585,1.0651,1.0585,1.0584
2016-11-22,1.0639,1.0659,1.0587,1.0639
2016-11-23,1.0634,1.0645,1.053,1.0634
2016-11-24,1.0546,1.0588,1.0523,1.0545
2016-11-25,1.0564,1.0628,1.0541,1.0562
2016-11-28,1.0611,1.0685,1.0567,1.0612
2016-11-29,1.062,1.0634,1.0569,1.0621
2016-11-30,1.0648,1.0667,1.0585,1.0648
2016-12-01,1.0592,1.0637,1.0588,1.0592
2016-12-02,1.0663,1.0692,1.0628,1.0663
2016-12-05,1.0571,1.0741,1.0542,1.0582
2016-12-06,1.0758,1.0785,1.0726,1.0757
2016-12-07,1.0719,1.0769,1.0714,1.072
2016-12-08,1.076,1.0857,1.061,1.0762
2016-12-09,1.0621,1.0632,1.0538,1.0621
2016-12-12,1.0546,1.0627,1.0527,1.0547
2016-12-13,1.0643,1.0653,1.0607,1.0642
2016-12-14,1.063,1.0667,1.0615,1.0629
2016-12-15,1.0515,1.0525,1.0404,1.0514
2016-12-16,1.0418,1.0472,1.0404,1.0419
2016-12-19,1.0448,1.0482,1.0413,1.045
2016-12-20,1.0405,1.042,1.0355,1.0406
2016-12-21,1.0394,1.0452,1.0385,1.039
2016-12-22,1.0428,1.0498,1.0428,1.0429
2016-12-23,1.044,1.0468,1.043,1.0438
2016-12-26,1.0456,1.047,1.0446,1.0455
2016-12-27,1.0456,1.0461,1.0435,1.0457
2016-12-28,1.0462,1.0482,1.0387,1.0462
2016-12-29,1.0418,1.0491,1.0418,1.0417
2016-12-30,1.0569,1.0591,1.051,1.0575
2017-01-02,1.0531,1.0541,1.0466,1.0527
2017-01-03,1.0459,1.0492,1.0348,1.046
2017-01-04,1.0418,1.0479,1.0391,1.042
2017-01-05,1.0499,1.0609,1.0487,1.0501
2017-01-06,1.0606,1.0609,1.054,1.0606
2017-01-09,1.0534,1.0561,1.0513,1.0532
2017-01-10,1.0588,1.0626,1.0562,1.0589
2017-01-11,1.0554,1.0567,1.0457,1.0552
2017-01-12,1.0597,1.0686,1.0575,1.0598
2017-01-13,1.0618,1.0668,1.06,1.0617
2017-01-16,1.0627,1.0633,1.0581,1.0629
2017-01-17,1.0604,1.0718,1.0601,1.0603
2017-01-18,1.0698,1.0715,1.066,1.0697
2017-01-19,1.0629,1.0677,1.059,1.0628
2017-01-20,1.0661,1.0695,1.0627,1.066
2017-01-23,1.0711,1.0756,1.0708,1.0714
2017-01-24,1.0758,1.0773,1.0728,1.0761
2017-01-25,1.0728,1.0769,1.0712,1.0729
2017-01-26,1.0755,1.0767,1.0671,1.0752
2017-01-27,1.0683,1.0725,1.0661,1.0683
2017-01-30,1.0719,1.074,1.0621,1.0714
2017-01-31,1.0707,1.081,1.0686,1.0709
2017-02-01,1.0803,1.0808,1.0739,1.0804
2017-02-02,1.0768,1.0827,1.0768,1.0767
2017-02-03,1.0763,1.0797,1.0729,1.0762
2017-02-06,1.0783,1.0789,1.0707,1.0783
2017-02-07,1.0743,1.0743,1.0657,1.0743
2017-02-08,1.0679,1.0707,1.0642,1.0678
2017-02-09,1.0692,1.071,1.0657,1.0692
2017-02-10,1.0657,1.0669,1.061,1.0659
2017-02-13,1.0619,1.0658,1.0593,1.062
2017-02-14,1.0599,1.0633,1.0562,1.0598
2017-02-15,1.0579,1.0588,1.0522,1.0578
2017-02-16,1.0602,1.0675,1.0601,1.0607
2017-02-17,1.0667,1.0677,1.0626,1.0672
2017-02-20,1.0627,1.0632,1.0605,1.0627
2017-02-21,1.061,1.0613,1.0527,1.0609
2017-02-22,1.0542,1.0556,1.0497,1.0542
2017-02-23,1.0552,1.0595,1.0539,1.0554
2017-02-24,1.0585,1.0618,1.0566,1.0584
2017-02-27,1.0553,1.0615,1.0553,1.0553
2017-02-28,1.0583,1.0627,1.0577,1.0584
2017-03-01,1.0569,1.0588,1.0515,1.0569
2017-03-02,1.0536,1.0545,1.05,1.0536
2017-03-03,1.0509,1.0574,1.0504,1.051
2017-03-06,1.0619,1.0638,1.0578,1.062
2017-03-07,1.0581,1.0604,1.0561,1.0579
2017-03-08,1.0569,1.0575,1.0537,1.057
2017-03-09,1.0544,1.0614,1.0526,1.0547
2017-03-10,1.0581,1.0669,1.0581,1.0578
2017-03-13,1.0688,1.0716,1.0657,1.069
2017-03-14,1.0652,1.0662,1.0627,1.0651
2017-03-15,1.0612,1.0641,1.0611,1.0612
2017-03-16,1.0738,1.0746,1.0707,1.0738
2017-03-17,1.0771,1.0783,1.073,1.0775
2017-03-20,1.0742,1.0777,1.0742,1.0743
2017-03-21,1.0737,1.0819,1.0737,1.0738
2017-03-22,1.0811,1.0821,1.0777,1.0812
2017-03-23,1.079,1.0805,1.0771,1.079
2017-03-24,1.0784,1.0812,1.0762,1.0784
2017-03-26,1.0846,1.0905,1.0839,1.085
2017-03-27,1.0863,1.0874,1.0847,1.0861
2017-03-28,1.0817,1.0826,1.0741,1.0818
2017-03-29,1.076,1.0769,1.0722,1.076
2017-03-30,1.0688,1.0701,1.0672,1.0687
2017-04-02,1.0668,1.0684,1.0644,1.0669
2017-04-03,1.067,1.0675,1.0637,1.067
2017-04-04,1.068,1.0689,1.0654,1.068
2017-04-05,1.0673,1.0684,1.0632,1.0672
2017-04-06,1.0643,1.066,1.0612,1.0645
2017-04-09,1.0584,1.0608,1.057,1.0582
2017-04-10,1.0598,1.0629,1.0579,1.0598
2017-04-11,1.061,1.0624,1.0597,1.0611
2017-04-12,1.0672,1.0678,1.0612,1.0671
2017-04-13,1.0618,1.0632,1.0607,1.0616
2017-04-16,1.0611,1.067,1.061,1.0611
2017-04-17,1.0644,1.0709,1.0638,1.0645
2017-04-18,1.0728,1.0737,1.0702,1.0729
2017-04-19,1.0715,1.0778,1.0711,1.0715
2017-04-20,1.0713,1.0738,1.0687,1.0715
2017-04-23,1.0875,1.0878,1.0822,1.0874
2017-04-24,1.0868,1.0941,1.0852,1.0865
2017-04-25,1.0928,1.0951,1.0861,1.0928
2017-04-26,1.0909,1.0931,1.0853,1.0909
2017-04-27,1.0867,1.0948,1.0858,1.0864
2017-04-30,1.0906,1.0925,1.0885,1.0908
2017-05-01,1.091,1.0925,1.0889,1.0909
2017-05-02,1.0936,1.094,1.0906,1.0936
2017-05-03,1.0889,1.0969,1.0876,1.0889
2017-05-04,1.0981,1.1,1.0953,1.0982
2017-05-07,1.0967,1.0996,1.092,1.0965
2017-05-08,1.0927,1.0934,1.0873,1.0928
2017-05-09,1.0887,1.09,1.0859,1.0887
2017-05-10,1.0867,1.0892,1.084,1.0871
2017-05-11,1.0866,1.0934,1.0858,1.0865
2017-05-14,1.0928,1.099,1.0923,1.0927
2017-05-15,1.0981,1.1089,1.098,1.0982
2017-05-16,1.1096,1.115,1.1083,1.1094
2017-05-17,1.1154,1.1172,1.1105,1.1156
2017-05-18,1.1111,1.1198,1.1101,1.1114
2017-05-21,1.1202,1.1263,1.1162,1.1205
2017-05-22,1.1237,1.1267,1.1196,1.1239
2017-05-23,1.1181,1.1202,1.1169,1.1179
2017-05-24,1.1231,1.1251,1.1196,1.1231
2017-05-25,1.1211,1.1232,1.1163,1.1211
2017-05-28,1.1175,1.1191,1.1163,1.1176
2017-05-29,1.1129,1.1202,1.1111,1.1129
2017-05-30,1.1174,1.1252,1.1166,1.1172
2017-05-31,1.1238,1.1257,1.1203,1.1244
2017-06-01,1.1213,1.1281,1.1206,1.1216
2017-06-04,1.1275,1.1279,1.1236,1.1281
2017-06-05,1.1258,1.1279,1.1241,1.1257
2017-06-06,1.1271,1.128,1.1205,1.1271
2017-06-07,1.1255,1.127,1.1196,1.1255
2017-06-08,1.1193,1.1217,1.1168,1.1185
2017-06-11,1.1202,1.1231,1.1194,1.1202
2017-06-12,1.1199,1.1225,1.1186,1.1196
2017-06-13,1.1211,1.1295,1.1199,1.1209
2017-06-14,1.1216,1.1228,1.1134,1.1216
2017-06-15,1.1147,1.12,1.1139,1.1147
2017-06-18,1.1203,1.1213,1.116,1.1208
2017-06-19,1.1145,1.1166,1.1121,1.1145
2017-06-20,1.1136,1.1154,1.1129,1.1137
2017-06-21,1.1168,1.1178,1.1147,1.1167
2017-06-22,1.115,1.1209,1.1146,1.115
2017-06-25,1.12,1.1219,1.1173,1.1199
2017-06-26,1.1181,1.133,1.1181,1.1184
2017-06-27,1.1337,1.1388,1.1297,1.1339
2017-06-28,1.1378,1.1435,1.1378,1.1383
2017-06-29,1.144,1.1445,1.1393,1.1442
2017-07-02,1.1425,1.1426,1.1357,1.1423
2017-07-03,1.1375,1.1379,1.1338,1.1371
2017-07-04,1.136,1.1369,1.1315,1.136
2017-07-05,1.1345,1.1409,1.1331,1.1347
2017-07-06,1.1421,1.1438,1.1383,1.1425
2017-07-09,1.1406,1.1417,1.1383,1.1404
2017-07-11,1.1474,1.1491,1.1395,1.1474
2017-07-12,1.1419,1.1455,1.1373,1.1419
2017-07-13,1.1404,1.1467,1.1392,1.1404
2017-07-16,1.1475,1.1487,1.1436,1.1475
2017-07-17,1.1473,1.1585,1.1472,1.1474
2017-07-18,1.155,1.1553,1.1511,1.155
2017-07-19,1.1529,1.165,1.148,1.1528
2017-07-20,1.1628,1.1675,1.162,1.1629
2017-07-23,1.1682,1.1682,1.1632,1.1682
2017-07-24,1.1639,1.1707,1.1632,1.1639
2017-07-25,1.1643,1.1655,1.1616,1.1645
2017-07-26,1.173,1.1775,1.1655,1.1728
2017-07-27,1.169,1.1763,1.1673,1.1689
2017-07-30,1.1747,1.1825,1.1724,1.1747
2017-07-31,1.1824,1.1838,1.1791,1.1824
2017-08-01,1.1809,1.1868,1.1795,1.1811
2017-08-02,1.1851,1.1895,1.1834,1.1851
2017-08-03,1.1888,1.1891,1.1737,1.1885
2017-08-06,1.1778,1.1813,1.1778,1.1778
2017-08-07,1.18,1.1825,1.1719,1.1801
2017-08-08,1.1753,1.176,1.1692,1.1755
2017-08-09,1.1765,1.1765,1.1705,1.1762
2017-08-10,1.177,1.1832,1.1749,1.177
2017-08-13,1.1826,1.184,1.1773,1.1826
2017-08-14,1.1777,1.1792,1.1689,1.1776
2017-08-15,1.174,1.1758,1.1684,1.1741
2017-08-16,1.1774,1.179,1.1667,1.1774
2017-08-17,1.1717,1.1768,1.1712,1.1716
2017-08-20,1.1757,1.1825,1.1732,1.1756
2017-08-21,1.1812,1.1826,1.1746,1.1812
2017-08-22,1.1761,1.1819,1.1744,1.1762
2017-08-23,1.1816,1.1819,1.1785,1.1817
2017-08-24,1.1798,1.1884,1.1775,1.1802
2017-08-27,1.1951,1.1976,1.1918,1.1952
2017-08-28,1.1965,1.2067,1.1963,1.1964
2017-08-29,1.197,1.1986,1.1897,1.197
2017-08-30,1.189,1.1908,1.1824,1.1893
2017-08-31,1.1911,1.1979,1.1851,1.191
2017-09-03,1.1883,1.1923,1.1879,1.1883
2017-09-04,1.1894,1.1938,1.187,1.1893
2017-09-05,1.1924,1.1949,1.1904,1.1924
2017-09-06,1.1927,1.2057,1.1916,1.1928
2017-09-07,1.2029,1.2093,1.2019,1.2029
2017-09-10,1.2015,1.2029,1.1962,1.2018
2017-09-11,1.1959,1.1977,1.1927,1.1959
2017-09-12,1.1972,1.1996,1.1886,1.1975
2017-09-13,1.189,1.191,1.1846,1.1891
2017-09-14,1.1923,1.1986,1.1902,1.1922
2017-09-17,1.1937,1.1969,1.1917,1.1937
2017-09-18,1.1962,1.2005,1.196,1.1959
2017-09-19,1.1993,1.2019,1.1987,1.1993
2017-09-20,1.1873,1.1954,1.1866,1.1872
2017-09-21,1.1945,1.2002,1.1941,1.1946
2017-09-24,1.1927,1.1939,1.1852,1.1927
2017-09-25,1.1856,1.1864,1.1765,1.1856
2017-09-26,1.1781,1.1795,1.1719,1.1786
2017-09-27,1.175,1.1803,1.1722,1.175
2017-09-28,1.1781,1.1832,1.1773,1.1782
2017-10-01,1.1808,1.1808,1.1731,1.1807
2017-10-02,1.1733,1.1772,1.1697,1.1734
2017-10-03,1.1748,1.1787,1.1747,1.1748
2017-10-04,1.1757,1.178,1.1704,1.1757
2017-10-05,1.1714,1.1739,1.1671,1.1712
2017-10-08,1.1743,1.1751,1.1721,1.1742
2017-10-09,1.1742,1.1818,1.1742,1.1742
2017-10-10,1.1814,1.1858,1.1796,1.1815
2017-10-11,1.1865,1.1881,1.1832,1.1865
2017-10-12,1.1831,1.1874,1.1806,1.1832
2017-10-15,1.1815,1.1821,1.1781,1.1814
2017-10-16,1.1795,1.1795,1.1739,1.1795
2017-10-17,1.1773,1.178,1.1732,1.1772
2017-10-18,1.1794,1.1857,1.177,1.1795
2017-10-19,1.1852,1.1858,1.1765,1.1848
2017-10-22,1.1755,1.1779,1.1734,1.1754
2017-10-23,1.1755,1.1777,1.1744,1.1759
2017-10-24,1.176,1.1818,1.1754,1.1759
2017-10-25,1.1822,1.1836,1.1692,1.1821
2017-10-26,1.1639,1.1644,1.1576,1.1637
2017-10-30,1.1607,1.1643,1.1598,1.1605
2017-10-31,1.165,1.1659,1.1626,1.1653
2017-11-01,1.1652,1.1657,1.1608,1.1652
2017-11-02,1.1629,1.1687,1.1629,1.1629
2017-11-03,1.1663,1.1687,1.1605,1.1662
2017-11-06,1.1615,1.1627,1.1583,1.1615
2017-11-07,1.1612,1.1617,1.1556,1.1613
2017-11-08,1.1603,1.161,1.1581,1.1601
2017-11-09,1.1596,1.1653,1.1586,1.1597
2017-11-10,1.1645,1.1675,1.1624,1.1647
2017-11-13,1.1661,1.1675,1.1639,1.1661
2017-11-14,1.1665,1.1774,1.1663,1.1665
2017-11-15,1.1792,1.1859,1.1786,1.1793
2017-11-17,1.1777,1.1822,1.1775,1.1777
2017-11-20,1.1732,1.1807,1.1726,1.1732
2017-11-21,1.1739,1.1757,1.1716,1.1741
2017-11-22,1.1741,1.1798,1.1736,1.1737
2017-11-23,1.1815,1.1855,1.1814,1.1815
2017-11-24,1.1851,1.1944,1.1837,1.1854
2017-11-27,1.1929,1.196,1.1908,1.1926
2017-11-28,1.1904,1.1921,1.1867,1.1905
2017-11-29,1.185,1.1885,1.182,1.1848
2017-11-30,1.185,1.193,1.1815,1.1852
2017-12-01,1.1899,1.194,1.1852,1.1898
2017-12-04,1.1857,1.1879,1.1831,1.186
2017-12-05,1.1869,1.1879,1.1809,1.1868
2017-12-06,1.1831,1.1848,1.1781,1.1833
2017-12-07,1.1805,1.1809,1.1777,1.1804
2017-12-08,1.1774,1.1777,1.1732,1.1772
2017-12-11,1.1769,1.181,1.1769,1.177
2017-12-12,1.1777,1.1793,1.1719,1.1778
2017-12-13,1.1744,1.177,1.173,1.1743
2017-12-14,1.184,1.186,1.1772,1.1836
2017-12-15,1.1775,1.1814,1.1762,1.1775
2017-12-18,1.1747,1.1834,1.1743,1.1744
2017-12-19,1.1783,1.1833,1.1777,1.1784
2017-12-20,1.1837,1.1901,1.183,1.1841
2017-12-21,1.1878,1.1892,1.185,1.1878
2017-12-22,1.1852,1.1862,1.1818,1.1857
2017-12-25,1.1857,1.1885,1.1849,1.1856
2017-12-26,1.1871,1.1878,1.1847,1.1873
2017-12-27,1.1861,1.191,1.1856,1.1858
2017-12-28,1.19,1.1955,1.1898,1.1901
2017-12-29,1.194,1.2023,1.1938,1.1942
2018-01-01,1.2005,1.2015,1.1999,1.2005
2018-01-02,1.2011,1.2081,1.2009,1.2012
2018-01-03,1.2062,1.2067,1.2005,1.2063
2018-01-04,1.2011,1.2092,1.2005,1.201
2018-01-05,1.2066,1.2085,1.2022,1.2069
2018-01-08,1.2039,1.2054,1.196,1.2037
2018-01-09,1.197,1.1976,1.1918,1.197
2018-01-10,1.1929,1.2016,1.1924,1.1929
2018-01-11,1.1955,1.2059,1.1931,1.1956
2018-01-12,1.2042,1.2156,1.2041,1.2042
2018-01-15,1.2193,1.2299,1.2188,1.2192
2018-01-16,1.227,1.2281,1.2197,1.2268
2018-01-17,1.2271,1.2321,1.2199,1.2271
2018-01-18,1.2181,1.2263,1.2175,1.2184
2018-01-19,1.2236,1.2295,1.222,1.2237
2018-01-22,1.2256,1.2267,1.2215,1.2256
2018-01-23,1.2257,1.2307,1.2224,1.2256
2018-01-24,1.231,1.2402,1.2295,1.231
2018-01-25,1.2396,1.253,1.2387,1.2391
2018-01-26,1.2392,1.249,1.2387,1.2392
2018-01-29,1.2428,1.2432,1.2338,1.2428
2018-01-30,1.2382,1.2452,1.2337,1.2381
2018-01-31,1.2408,1.2477,1.2401,1.241
2018-02-01,1.2417,1.2488,1.2387,1.2419
2018-02-02,1.2513,1.2518,1.2412,1.251
2018-02-05,1.2447,1.2478,1.2402,1.2447
2018-02-06,1.2368,1.2429,1.2316,1.2368
2018-02-07,1.2381,1.2403,1.2279,1.2381
2018-02-08,1.2268,1.2295,1.2217,1.2268
2018-02-09,1.2261,1.2285,1.2226,1.2261
2018-02-12,1.2253,1.2297,1.2236,1.2253
2018-02-13,1.2301,1.2372,1.2286,1.2304
2018-02-14,1.2353,1.2416,1.2279,1.2354
2018-02-15,1.2467,1.2512,1.2451,1.2467
2018-02-16,1.2507,1.2558,1.2431,1.2504
2018-02-19,1.2412,1.2438,1.2371,1.2412
2018-02-20,1.2399,1.2409,1.2322,1.2399
2018-02-21,1.2335,1.2347,1.2301,1.2335
2018-02-22,1.228,1.2353,1.2262,1.2282
2018-02-23,1.2326,1.2335,1.228,1.2327
2018-02-26,1.2288,1.2355,1.2282,1.2287
2018-02-27,1.2316,1.2346,1.2223,1.2316
2018-02-28,1.2222,1.2243,1.2189,1.223
2018-03-01,1.2191,1.2222,1.2158,1.2191
2018-03-02,1.2271,1.233,1.2253,1.2271
2018-03-05,1.2318,1.2348,1.2276,1.2315
2018-03-06,1.2338,1.242,1.2331,1.2337
2018-03-07,1.2419,1.2441,1.2386,1.2417
2018-03-08,1.2416,1.2445,1.2306,1.2415
2018-03-09,1.2308,1.2334,1.2276,1.2307
2018-03-12,1.2309,1.2342,1.2291,1.2309
2018-03-13,1.2339,1.2399,1.2315,1.234
2018-03-14,1.2393,1.2416,1.235,1.2392
2018-03-15,1.2375,1.2387,1.2321,1.2376
2018-03-16,1.2308,1.2335,1.2262,1.2309
2018-03-19,1.2281,1.2332,1.226,1.2281
2018-03-20,1.2338,1.2354,1.2265,1.2337
2018-03-21,1.2248,1.2296,1.2247,1.2252
2018-03-22,1.2349,1.2387,1.23,1.2348
2018-03-23,1.2326,1.236,1.232,1.2325
2018-03-25,1.2354,1.2449,1.2352,1.2354
2018-03-26,1.2455,1.2478,1.2373,1.2457
2018-03-27,1.2408,1.2422,1.2337,1.2408
2018-03-28,1.2313,1.2338,1.2285,1.231
2018-03-29,1.2303,1.2333,1.2298,1.2303
2018-04-01,1.2313,1.2346,1.2284,1.2314
2018-04-02,1.2293,1.2337,1.2255,1.2293
2018-04-03,1.2279,1.2311,1.2258,1.2279
2018-04-04,1.2288,1.2291,1.2219,1.2287
2018-04-05,1.2251,1.228,1.2218,1.2252
2018-04-08,1.2271,1.233,1.2263,1.2271
2018-04-09,1.2322,1.2378,1.2304,1.2322
2018-04-10,1.2364,1.2394,1.2354,1.2363
2018-04-11,1.2376,1.238,1.23,1.2372
2018-04-12,1.2333,1.2349,1.2309,1.233
2018-04-15,1.2333,1.2394,1.2326,1.2333
2018-04-16,1.2385,1.2415,1.2338,1.2385
2018-04-17,1.2373,1.2397,1.2344,1.2373
2018-04-18,1.2379,1.2402,1.233,1.2379
2018-04-19,1.2344,1.2353,1.2255,1.2346
2018-04-22,1.2274,1.229,1.2212,1.2273
2018-04-23,1.2211,1.2235,1.2185,1.2209
2018-04-24,1.2236,1.2236,1.2169,1.2241
2018-04-25,1.2171,1.221,1.21,1.2172
2018-04-26,1.2108,1.2117,1.2056,1.211
2018-04-29,1.2129,1.2139,1.2066,1.2123
2018-04-30,1.2083,1.2085,1.1984,1.2081
2018-05-01,1.1992,1.2031,1.1954,1.1992
2018-05-02,1.1952,1.2009,1.1951,1.1951
2018-05-03,1.1989,1.1998,1.1915,1.1989
2018-05-06,1.1956,1.1979,1.19,1.1955
2018-05-07,1.1933,1.1939,1.1839,1.1934
2018-05-08,1.1867,1.1896,1.1824,1.1868
2018-05-09,1.1848,1.1942,1.1845,1.1847
2018-05-10,1.1915,1.1968,1.1893,1.1918
2018-05-13,1.1952,1.1997,1.1952,1.1952
2018-05-14,1.1932,1.194,1.1824,1.1931
2018-05-15,1.1823,1.1854,1.1766,1.1821
2018-05-16,1.1814,1.1837,1.1779,1.1817
2018-05-17,1.1792,1.1822,1.175,1.1795
2018-05-20,1.1764,1.1779,1.1719,1.1767
2018-05-21,1.1789,1.1828,1.1759,1.1792
2018-05-22,1.179,1.1791,1.1686,1.1789
2018-05-23,1.1707,1.1749,1.1692,1.171
2018-05-24,1.1723,1.1733,1.1648,1.1723
2018-05-27,1.1688,1.173,1.1608,1.1689
2018-05-28,1.1628,1.164,1.1514,1.1627
2018-05-29,1.1538,1.1671,1.152,1.1539
2018-05-30,1.1666,1.1724,1.1643,1.1667
2018-05-31,1.1693,1.1716,1.163,1.1693
2018-06-03,1.167,1.1744,1.1669,1.1669
2018-06-04,1.1702,1.1714,1.1655,1.1701
2018-06-05,1.1727,1.1797,1.1715,1.1726
2018-06-06,1.1784,1.1841,1.1784,1.1786
2018-06-07,1.1794,1.1812,1.1728,1.1795
2018-06-10,1.1787,1.182,1.1776,1.1784
2018-06-11,1.1773,1.1808,1.1743,1.1774
2018-06-12,1.1748,1.179,1.1734,1.1748
2018-06-13,1.1806,1.1842,1.1629,1.1808
2018-06-14,1.1563,1.1627,1.1545,1.1567
2018-06-17,1.1597,1.1624,1.1566,1.1596
2018-06-18,1.163,1.1647,1.1533,1.1631
2018-06-19,1.1589,1.16,1.1546,1.1589
2018-06-20,1.1577,1.1628,1.1514,1.1579
2018-06-21,1.1607,1.1676,1.1602,1.1606
2018-06-24,1.1661,1.17,1.163,1.1661
2018-06-25,1.1702,1.1721,1.1652,1.1703
2018-06-26,1.1648,1.1672,1.1584,1.165
2018-06-27,1.1562,1.1597,1.1528,1.1564
2018-06-28,1.1564,1.1682,1.1564,1.1563
2018-07-01,1.1678,1.1678,1.1593,1.1679
2018-07-02,1.1641,1.1675,1.1623,1.1642
2018-07-03,1.1659,1.1682,1.1631,1.1659
2018-07-04,1.1662,1.172,1.1651,1.1662
2018-07-05,1.1694,1.1767,1.1681,1.1696
2018-07-08,1.1752,1.1791,1.1743,1.1752
2018-07-09,1.1758,1.1763,1.1692,1.1757
2018-07-10,1.173,1.1755,1.1698,1.1727
2018-07-11,1.1676,1.1697,1.1651,1.1677
2018-07-12,1.1664,1.1675,1.1615,1.1666
2018-07-15,1.1679,1.1726,1.1677,1.1679
2018-07-16,1.1711,1.1745,1.1665,1.1709
2018-07-17,1.1658,1.1665,1.1604,1.1653
2018-07-18,1.1646,1.1657,1.1576,1.1646
2018-07-19,1.1655,1.1722,1.1628,1.1655
2018-07-22,1.1742,1.1751,1.1689,1.1742
2018-07-23,1.1699,1.1717,1.1657,1.1694
2018-07-24,1.1688,1.1714,1.1668,1.1686
2018-07-25,1.174,1.1743,1.1651,1.1738
2018-07-26,1.1645,1.1663,1.1624,1.1643
2018-07-29,1.1663,1.1719,1.1649,1.166
2018-07-30,1.1709,1.1748,1.1693,1.1707
2018-07-31,1.169,1.1699,1.1665,1.169
2018-08-01,1.1664,1.167,1.1604,1.1666
2018-08-02,1.1586,1.1612,1.1562,1.1586
2018-08-05,1.1561,1.157,1.1531,1.1562
2018-08-06,1.1557,1.1609,1.1552,1.1558
2018-08-07,1.1603,1.1629,1.1575,1.1603
2018-08-08,1.161,1.1621,1.1562,1.1611
2018-08-09,1.1529,1.1539,1.1396,1.1524
2018-08-12,1.1396,1.1434,1.1366,1.1395
2018-08-13,1.1398,1.1431,1.1348,1.1403
2018-08-14,1.1348,1.1349,1.1302,1.1346
2018-08-15,1.1344,1.1408,1.1338,1.1344
2018-08-16,1.1372,1.1422,1.1367,1.1371
2018-08-19,1.1438,1.1449,1.1395,1.1438
2018-08-20,1.1489,1.1539,1.1487,1.1491
2018-08-21,1.1576,1.1625,1.1554,1.1577
2018-08-22,1.1586,1.159,1.1545,1.1585
2018-08-23,1.1543,1.1637,1.1539,1.1543
2018-08-26,1.1644,1.1681,1.1597,1.1649
2018-08-27,1.1683,1.1733,1.1663,1.1684
2018-08-28,1.1693,1.1706,1.1654,1.1691
2018-08-29,1.1709,1.1718,1.1644,1.171
2018-08-30,1.1666,1.1689,1.1596,1.1665
2018-09-02,1.1599,1.1628,1.1591,1.1601
2018-09-03,1.1613,1.1616,1.1533,1.1615
2018-09-04,1.1588,1.1633,1.1547,1.1587
2018-09-05,1.1635,1.1656,1.1608,1.1635
2018-09-06,1.1624,1.1651,1.1564,1.162
2018-09-09,1.1559,1.1614,1.1528,1.1561
2018-09-10,1.1593,1.1643,1.1567,1.1596
2018-09-11,1.1596,1.1648,1.1571,1.1596
2018-09-12,1.1627,1.1701,1.161,1.1629
2018-09-13,1.169,1.1721,1.1656,1.1692
2018-09-16,1.1624,1.1696,1.1624,1.1629
2018-09-17,1.1669,1.172,1.1669,1.1669
2018-09-18,1.1679,1.1716,1.1653,1.168
2018-09-19,1.1674,1.1777,1.1673,1.1675
2018-09-20,1.1776,1.1802,1.1736,1.1776
2018-09-23,1.1751,1.1815,1.1725,1.1751
2018-09-24,1.1753,1.1792,1.1733,1.1753
2018-09-25,1.1766,1.1777,1.1729,1.1763
2018-09-26,1.1747,1.1759,1.1665,1.1749
2018-09-27,1.1637,1.1653,1.1571,1.1637
2018-09-30,1.1605,1.1621,1.1565,1.1605
2018-10-01,1.1578,1.1582,1.1507,1.1578
2018-10-02,1.155,1.1593,1.1516,1.1552
2018-10-03,1.1477,1.1536,1.1465,1.1476
2018-10-04,1.1518,1.1543,1.1488,1.1518
2018-10-07,1.1524,1.1531,1.1461,1.1523
2018-10-08,1.1495,1.1505,1.1433,1.1494
2018-10-09,1.1504,1.1542,1.1481,1.1507
2018-10-10,1.1532,1.1598,1.1532,1.1533
2018-10-11,1.159,1.161,1.1537,1.159
2018-10-14,1.1551,1.1606,1.1544,1.1551
2018-10-15,1.1583,1.162,1.1567,1.1583
2018-10-16,1.1576,1.1582,1.1522,1.1575
2018-10-17,1.1501,1.1527,1.1483,1.1501
2018-10-18,1.1455,1.1515,1.1434,1.146
2018-10-21,1.1511,1.1552,1.1462,1.1509
2018-10-22,1.1465,1.149,1.144,1.1468
2018-10-23,1.1473,1.1476,1.1384,1.1473
2018-10-24,1.1399,1.1431,1.1366,1.1399
2018-10-25,1.1375,1.1398,1.1336,1.1378
2018-10-29,1.1399,1.1416,1.1364,1.1399
2018-10-30,1.1375,1.1387,1.1347,1.1376
2018-10-31,1.1346,1.136,1.1312,1.1346
2018-11-01,1.1314,1.1413,1.1314,1.1317
2018-11-02,1.1403,1.1455,1.1376,1.1403
2018-11-05,1.1397,1.1406,1.1355,1.1398
2018-11-06,1.1409,1.1438,1.1393,1.1413
2018-11-07,1.1441,1.15,1.1401,1.1439
2018-11-08,1.1433,1.1444,1.1405,1.1434
2018-11-09,1.1369,1.1369,1.1325,1.1368
2018-11-12,1.1325,1.1333,1.1242,1.1325
2018-11-13,1.1224,1.1292,1.1223,1.1233
2018-11-14,1.1316,1.134,1.1265,1.1311
2018-11-15,1.1314,1.1351,1.1275,1.1312
2018-11-16,1.1325,1.1414,1.1323,1.1325
2018-11-19,1.1412,1.1463,1.1394,1.1414
2018-11-20,1.1455,1.1473,1.1387,1.1455
2018-11-21,1.1373,1.1422,1.1366,1.1372
2018-11-22,1.1389,1.1434,1.1386,1.1388
2018-11-23,1.1403,1.1419,1.1332,1.1403
2018-11-26,1.1339,1.1384,1.1327,1.1337
2018-11-27,1.1334,1.1345,1.1279,1.1333
2018-11-28,1.1297,1.1308,1.1268,1.1299
2018-11-29,1.1367,1.1401,1.135,1.1369
2018-11-30,1.1393,1.1401,1.1315,1.1393
2018-12-03,1.1342,1.138,1.1322,1.1342
2018-12-04,1.1356,1.1418,1.1343,1.1355
2018-12-05,1.1344,1.136,1.1315,1.1343
2018-12-06,1.1347,1.1412,1.1323,1.1349
2018-12-07,1.1377,1.1411,1.1361,1.1375
2018-12-10,1.1404,1.1446,1.1362,1.1401
2018-12-11,1.1355,1.1399,1.1308,1.1357
2018-12-12,1.1323,1.138,1.1316,1.1323
2018-12-13,1.1373,1.1393,1.1334,1.1373
2018-12-14,1.1363,1.1366,1.1271,1.1364
2018-12-17,1.1307,1.1354,1.1305,1.1306
2018-12-18,1.135,1.1403,1.1339,1.135
2018-12-19,1.1376,1.144,1.1376,1.1375
2018-12-20,1.1388,1.1485,1.1378,1.139
2018-12-21,1.1458,1.1474,1.1388,1.1457
2018-12-24,1.1372,1.1438,1.1372,1.1373
2018-12-25,1.1405,1.1422,1.137,1.1404
2018-12-26,1.1413,1.1419,1.1376,1.1416
2018-12-27,1.1364,1.1434,1.1359,1.1361
2018-12-28,1.1431,1.1473,1.1431,1.1431
2018-12-31,1.1439,1.1466,1.1422,1.144
2019-01-01,1.1494,1.155,1.1465,1.1493
2019-01-02,1.1461,1.1497,1.1346,1.1462
2019-01-03,1.1317,1.1409,1.1317,1.1318
2019-01-04,1.1391,1.1418,1.1348,1.1391
2019-01-07,1.1413,1.1474,1.1405,1.141
2019-01-08,1.1479,1.1486,1.1425,1.148
2019-01-09,1.1457,1.154,1.1442,1.1456
2019-01-10,1.1555,1.1571,1.1511,1.1555
2019-01-11,1.1515,1.1539,1.146,1.151
2019-01-14,1.1463,1.1484,1.1452,1.146
2019-01-15,1.1473,1.1492,1.1386,1.1473
2019-01-16,1.1414,1.1422,1.1379,1.1417
2019-01-17,1.1399,1.1408,1.1372,1.1398
2019-01-18,1.1392,1.141,1.1354,1.1393
2019-01-21,1.1365,1.1388,1.1358,1.1366
2019-01-22,1.137,1.1375,1.1337,1.1369
2019-01-23,1.1364,1.1393,1.1352,1.1364
2019-01-24,1.1387,1.1393,1.1313,1.1388
2019-01-25,1.131,1.1412,1.1306,1.1313
2019-01-28,1.1413,1.1446,1.1391,1.1413
2019-01-29,1.143,1.1451,1.1412,1.143
2019-01-30,1.1435,1.145,1.1409,1.1435
2019-01-31,1.1486,1.1514,1.1451,1.1488
2019-02-01,1.1451,1.1488,1.1435,1.145
2019-02-04,1.1457,1.1463,1.1425,1.1455
2019-02-05,1.1436,1.1443,1.1403,1.1436
2019-02-06,1.1409,1.1411,1.1375,1.141
2019-02-07,1.1366,1.137,1.1326,1.1366
2019-02-08,1.134,1.1351,1.1322,1.1339
2019-02-11,1.1324,1.1331,1.1273,1.1324
2019-02-12,1.128,1.132,1.1259,1.1279
2019-02-13,1.1333,1.1344,1.1283,1.1335
2019-02-14,1.1264,1.1308,1.1251,1.1265
2019-02-15,1.1295,1.1298,1.1235,1.1295
2019-02-18,1.1295,1.1334,1.1295,1.1298
2019-02-19,1.1312,1.1342,1.1277,1.1312
2019-02-20,1.1343,1.137,1.1326,1.1343
2019-02-21,1.1346,1.1366,1.1323,1.1346
2019-02-22,1.134,1.1356,1.1319,1.1343
2019-02-25,1.134,1.1368,1.1338,1.1342
2019-02-26,1.1366,1.1379,1.1346,1.1368
2019-02-27,1.1394,1.1404,1.1364,1.1393
2019-02-28,1.1378,1.1422,1.1361,1.138
2019-03-01,1.1373,1.1409,1.1354,1.1373
2019-03-04,1.1375,1.1375,1.1311,1.1376
2019-03-05,1.1338,1.1339,1.1293,1.1337
2019-03-06,1.1306,1.1325,1.1292,1.1307
2019-03-07,1.1312,1.132,1.1209,1.1314
2019-03-08,1.1202,1.1245,1.1186,1.1198
2019-03-11,1.1231,1.1257,1.1223,1.1232
2019-03-12,1.1259,1.1294,1.125,1.1259
2019-03-13,1.1287,1.1314,1.1279,1.1287
2019-03-14,1.1333,1.1336,1.1295,1.1331
2019-03-15,1.1308,1.1343,1.1302,1.1308
2019-03-18,1.132,1.136,1.1235,1.132
2019-03-19,1.1336,1.1364,1.1334,1.1336
2019-03-20,1.1353,1.1368,1.1336,1.1355
2019-03-21,1.143,1.144,1.1355,1.1428
2019-03-22,1.1374,1.1392,1.1276,1.1375
2019-03-25,1.1296,1.1332,1.1291,1.1296
2019-03-26,1.1315,1.1329,1.128,1.1316
2019-03-27,1.1274,1.1286,1.1243,1.1275
2019-03-28,1.1251,1.1263,1.1215,1.1252
2019-03-29,1.123,1.1246,1.1211,1.123
2019-03-31,1.1223,1.125,1.121,1.1224
2019-04-01,1.1206,1.1214,1.1185,1.1206
2019-04-02,1.1203,1.1255,1.1202,1.1204
2019-04-03,1.1245,1.125,1.1209,1.1247
2019-04-04,1.1225,1.1242,1.1212,1.1226
2019-04-07,1.1222,1.1274,1.1216,1.122
2019-04-08,1.1256,1.1288,1.1256,1.1256
2019-04-09,1.1265,1.1283,1.1231,1.1267
2019-04-10,1.1276,1.1287,1.1256,1.1277
2019-04-11,1.1259,1.1325,1.1258,1.1261
2019-04-14,1.1304,1.1322,1.1299,1.1305
2019-04-15,1.1304,1.1315,1.1286,1.1305
2019-04-16,1.1285,1.1324,1.1282,1.1285
2019-04-17,1.1301,1.1306,1.1238,1.1297
2019-04-18,1.1236,1.1251,1.1233,1.1236
2019-04-21,1.1245,1.1264,1.1237,1.1245
2019-04-22,1.1259,1.1261,1.1193,1.1259
2019-04-23,1.1224,1.1225,1.1183,1.1224
2019-04-24,1.1157,1.1164,1.1122,1.1153
2019-04-25,1.1137,1.1173,1.1123,1.1137
2019-04-28,1.1149,1.117,1.1146,1.115
2019-04-29,1.1184,1.123,1.1177,1.1185
2019-04-30,1.1218,1.125,1.1214,1.1216
2019-05-01,1.1202,1.1218,1.1174,1.1201
2019-05-02,1.1173,1.1201,1.1141,1.1174
2019-05-05,1.1187,1.1204,1.118,1.1186
2019-05-06,1.1204,1.122,1.1176,1.1202
2019-05-07,1.119,1.1215,1.119,1.1191
2019-05-08,1.1197,1.1251,1.1176,1.1198
2019-05-09,1.1219,1.1252,1.1219,1.1222
2019-05-12,1.1237,1.1263,1.1224,1.1236
2019-05-13,1.1232,1.1246,1.1205,1.1233
2019-05-14,1.1204,1.1223,1.118,1.1204
2019-05-15,1.121,1.1224,1.1174,1.1207
2019-05-16,1.1175,1.1184,1.1157,1.1174
2019-05-19,1.1165,1.1177,1.1151,1.1165
2019-05-20,1.1169,1.1183,1.1142,1.1169
2019-05-22,1.1155,1.1173,1.111,1.1155
2019-05-23,1.1184,1.1212,1.1178,1.1185
2019-05-26,1.1206,1.1218,1.1188,1.121
2019-05-27,1.1194,1.1199,1.1172,1.1194
2019-05-28,1.1171,1.1176,1.1126,1.1171
2019-05-29,1.1138,1.1146,1.1119,1.1137
2019-05-30,1.113,1.1179,1.1127,1.1131
2019-06-02,1.1173,1.1211,1.1162,1.1174
2019-06-03,1.1246,1.1278,1.1228,1.1246
2019-06-04,1.1255,1.1305,1.124,1.1254
2019-06-05,1.1227,1.1308,1.1224,1.1229
2019-06-06,1.1275,1.1348,1.1253,1.1277
2019-06-09,1.1319,1.1327,1.1292,1.132
2019-06-10,1.1318,1.1333,1.1305,1.1318
2019-06-11,1.1329,1.1343,1.1309,1.133
2019-06-12,1.1293,1.1305,1.1271,1.1296
2019-06-13,1.128,1.1291,1.1215,1.128
2019-06-16,1.1216,1.1246,1.1205,1.1217
2019-06-17,1.1227,1.1244,1.1182,1.1225
2019-06-18,1.1197,1.1222,1.1189,1.1198
2019-06-19,1.1236,1.1315,1.1236,1.1238
2019-06-20,1.1293,1.1333,1.1284,1.1296
2019-06-23,1.1383,1.1401,1.1374,1.1385
2019-06-24,1.14,1.1414,1.1378,1.14
2019-06-25,1.1369,1.139,1.1351,1.137
2019-06-26,1.1375,1.1383,1.1348,1.1375
2019-06-27,1.1371,1.1393,1.1361,1.1373
2019-06-30,1.1364,1.1368,1.1306,1.1365
2019-07-01,1.1287,1.1321,1.1277,1.1287
2019-07-02,1.1291,1.1305,1.127,1.1293
2019-07-03,1.1288,1.1298,1.1274,1.1288
2019-07-04,1.1286,1.1288,1.1208,1.1286
2019-07-07,1.1228,1.1237,1.1208,1.1227
2019-07-08,1.1215,1.1222,1.1195,1.1216
2019-07-09,1.1205,1.1263,1.1203,1.1208
2019-07-10,1.1261,1.1288,1.1252,1.1259
2019-07-11,1.125,1.1278,1.124,1.1252
2019-07-14,1.1272,1.1286,1.1256,1.1272
2019-07-15,1.1261,1.1266,1.1209,1.1262
2019-07-16,1.1213,1.1233,1.1201,1.1212
2019-07-17,1.1228,1.1247,1.1206,1.123
2019-07-18,1.1262,1.1271,1.1215,1.1262
2019-07-21,1.1218,1.1227,1.1208,1.1218
2019-07-22,1.1205,1.1211,1.115,1.1206
2019-07-23,1.1151,1.1156,1.113,1.1151
2019-07-24,1.1142,1.1187,1.1104,1.1142
2019-07-25,1.1145,1.1153,1.1116,1.1146
2019-07-28,1.1131,1.1145,1.1114,1.1132
2019-07-29,1.1142,1.1158,1.1133,1.1143
2019-07-30,1.1157,1.1164,1.1128,1.1158
2019-07-31,1.1072,1.1073,1.1028,1.1072
2019-08-01,1.1082,1.1114,1.1071,1.1079
2019-08-04,1.1107,1.1199,1.1107,1.1108
2019-08-05,1.1243,1.125,1.1171,1.1244
2019-08-06,1.1206,1.1241,1.1181,1.1207
2019-08-07,1.1205,1.1228,1.1184,1.1204
2019-08-08,1.1187,1.122,1.1184,1.1187
2019-08-11,1.1207,1.123,1.1163,1.1208
2019-08-12,1.1218,1.1228,1.1178,1.1218
2019-08-13,1.1178,1.1191,1.114,1.1177
2019-08-14,1.1145,1.1159,1.1096,1.1143
2019-08-15,1.1111,1.1114,1.1067,1.1114
2019-08-18,1.1094,1.111,1.1088,1.1094
2019-08-19,1.1083,1.1099,1.1069,1.1083
2019-08-20,1.1099,1.1107,1.1089,1.1098
2019-08-21,1.109,1.1114,1.1065,1.1091
2019-08-22,1.1083,1.1149,1.1053,1.1084
2019-08-25,1.1143,1.1152,1.1108,1.1143
2019-08-26,1.1101,1.1119,1.1089,1.1104
2019-08-27,1.109,1.11,1.1074,1.109
2019-08-28,1.1085,1.109,1.1056,1.1086
2019-08-29,1.106,1.1061,1.0987,1.1062
2019-09-01,1.0991,1.0997,1.0959,1.0992
2019-09-02,1.0967,1.0977,1.093,1.0969
2019-09-03,1.0974,1.1035,1.0973,1.0975
2019-09-04,1.1038,1.1083,1.1018,1.1035
2019-09-05,1.1036,1.1057,1.1021,1.1036
2019-09-08,1.1021,1.1065,1.1016,1.1021
2019-09-09,1.1047,1.1059,1.1032,1.1048
2019-09-10,1.105,1.1058,1.0986,1.105
2019-09-11,1.1014,1.1078,1.093,1.1013
2019-09-12,1.1058,1.1109,1.1058,1.1058
2019-09-15,1.1084,1.1084,1.0995,1.1083
2019-09-16,1.1004,1.1068,1.0993,1.1006
2019-09-17,1.1074,1.1078,1.1038,1.1075
2019-09-18,1.1031,1.1075,1.1024,1.1031
2019-09-19,1.1046,1.1069,1.0999,1.1049
2019-09-22,1.102,1.1028,1.0968,1.1019
2019-09-23,1.0994,1.1014,1.0985,1.0994
2019-09-24,1.1016,1.1019,1.0948,1.1017
2019-09-25,1.0952,1.0967,1.0925,1.0953
2019-09-26,1.0923,1.0958,1.0906,1.0923
2019-09-29,1.0942,1.0948,1.0888,1.0943
2019-09-30,1.0899,1.0937,1.0882,1.09
2019-10-01,1.0935,1.0958,1.0905,1.0935
2019-10-02,1.0962,1.0998,1.0942,1.0964
2019-10-03,1.0975,1.0992,1.0959,1.0975
2019-10-06,1.0987,1.1001,1.0964,1.0987
2019-10-07,1.0973,1.0998,1.0947,1.0972
2019-10-08,1.096,1.0992,1.0956,1.096
2019-10-09,1.0986,1.1034,1.098,1.0988
2019-10-10,1.1014,1.1062,1.1004,1.1011
2019-10-13,1.1028,1.1043,1.1015,1.103
2019-10-14,1.1026,1.1045,1.0993,1.1029
2019-10-15,1.1034,1.1076,1.1024,1.1035
2019-10-16,1.1074,1.114,1.1066,1.1075
2019-10-17,1.1127,1.1162,1.1115,1.1127
2019-10-20,1.1156,1.1181,1.114,1.1156
2019-10-21,1.1152,1.1161,1.1125,1.1152
2019-10-22,1.113,1.1133,1.1108,1.1129
2019-10-23,1.1133,1.1166,1.1094,1.1132
2019-10-24,1.1104,1.1126,1.108,1.1104
2019-10-28,1.1085,1.1107,1.1077,1.1084
2019-10-29,1.1102,1.1119,1.1075,1.1099
2019-10-30,1.1112,1.1126,1.1103,1.1115
2019-10-31,1.1154,1.1177,1.1134,1.1154
2019-11-01,1.1156,1.1174,1.1131,1.1157
2019-11-04,1.1169,1.1177,1.1142,1.1167
2019-11-05,1.1128,1.1139,1.1065,1.1129
2019-11-06,1.1074,1.1095,1.1067,1.1074
2019-11-07,1.1071,1.1091,1.1038,1.107
2019-11-08,1.1035,1.1038,1.1018,1.102
2019-11-11,1.1023,1.1044,1.1017,1.1022
2019-11-12,1.1035,1.1041,1.1004,1.1035
2019-11-13,1.1012,1.102,1.1001,1.1012
2019-11-14,1.1009,1.1018,1.0991,1.1013
2019-11-15,1.1023,1.1056,1.1015,1.102
2019-11-18,1.1054,1.1091,1.1054,1.1055
2019-11-19,1.1072,1.1085,1.1064,1.1072
2019-11-20,1.108,1.1083,1.1054,1.108
2019-11-21,1.1079,1.1096,1.1064,1.1079
2019-11-22,1.1066,1.1079,1.1029,1.1066
2019-11-25,1.1024,1.1034,1.1006,1.1023
2019-11-26,1.1012,1.1027,1.1008,1.1014
2019-11-27,1.1022,1.1022,1.0993,1.1023
2019-11-28,1.1006,1.1019,1.1002,1.1005
2019-11-29,1.1011,1.1027,1.0983,1.1012
2019-12-02,1.1018,1.1089,1.1004,1.1019
2019-12-03,1.1076,1.1093,1.1066,1.1079
2019-12-04,1.1082,1.1113,1.1068,1.1085
2019-12-05,1.1083,1.1105,1.108,1.1083
2019-12-06,1.1104,1.1112,1.1042,1.1105
2019-12-09,1.1058,1.108,1.1054,1.1059
2019-12-10,1.1065,1.1098,1.1064,1.1065
2019-12-11,1.1094,1.1099,1.1072,1.1093
2019-12-12,1.1133,1.1153,1.1112,1.1136
2019-12-13,1.1183,1.1187,1.1119,1.1186
2019-12-16,1.1125,1.1158,1.1123,1.1124
2019-12-17,1.1137,1.1173,1.1131,1.1137
2019-12-18,1.1152,1.1152,1.1111,1.1151
2019-12-19,1.1116,1.1142,1.111,1.1116
2019-12-20,1.1124,1.1126,1.1074,1.1126
2019-12-23,1.108,1.1098,1.1071,1.108
2019-12-24,1.1093,1.1098,1.1071,1.1094
2019-12-25,1.1091,1.1109,1.1078,1.109
2019-12-26,1.1095,1.1105,1.1083,1.1095
2019-12-27,1.1101,1.1181,1.11,1.1101
2019-12-30,1.1182,1.1221,1.1182,1.1182
2019-12-31,1.1204,1.1241,1.1201,1.1202
2020-01-01,1.1221,1.1228,1.1159,1.1221
2020-01-02,1.1219,1.1227,1.1167,1.1221
2020-01-03,1.1171,1.1181,1.1126,1.1171
2020-01-06,1.1162,1.1208,1.1158,1.1162
2020-01-07,1.1196,1.1199,1.1135,1.1198
2020-01-08,1.1156,1.1165,1.1111,1.1155
2020-01-09,1.1114,1.1122,1.1095,1.1113
2020-01-10,1.1109,1.1121,1.1086,1.1111
2020-01-13,1.1117,1.1145,1.1114,1.1117
2020-01-14,1.1134,1.1146,1.1106,1.1136
2020-01-15,1.113,1.1163,1.112,1.1131
2020-01-16,1.1153,1.1172,1.113,1.1154
2020-01-17,1.1138,1.1145,1.1088,1.114
2020-01-20,1.1095,1.1105,1.1078,1.1095
2020-01-21,1.1096,1.112,1.1086,1.1097
2020-01-22,1.1086,1.1098,1.1072,1.1086
2020-01-23,1.1098,1.1103,1.1037,1.1096
2020-01-24,1.1055,1.1061,1.1021,1.1055
2020-01-27,1.1026,1.104,1.101,1.1025
2020-01-28,1.102,1.1027,1.0999,1.102
2020-01-29,1.1023,1.103,1.0993,1.1023
2020-01-30,1.1014,1.1037,1.1008,1.1017
2020-01-31,1.1029,1.109,1.1018,1.1029
2020-02-03,1.1089,1.1089,1.1043,1.109
2020-02-04,1.1063,1.1066,1.1034,1.1063
2020-02-05,1.1045,1.1049,1.0998,1.1047
2020-02-06,1.1,1.1013,1.0966,1.1002
2020-02-07,1.0981,1.0987,1.0947,1.0983
2020-02-10,1.0949,1.0961,1.091,1.0949
2020-02-11,1.0912,1.0927,1.0893,1.0913
2020-02-12,1.0922,1.0925,1.0887,1.0919
2020-02-13,1.0876,1.0891,1.0836,1.0876
2020-02-14,1.0846,1.0862,1.0831,1.0846
2020-02-17,1.0841,1.0854,1.083,1.0842
2020-02-18,1.0837,1.0839,1.0787,1.084
2020-02-19,1.0795,1.0808,1.0784,1.0795
2020-02-20,1.081,1.0821,1.078,1.081
2020-02-21,1.0788,1.0864,1.0788,1.0788
2020-02-24,1.0839,1.0864,1.0808,1.0839
2020-02-25,1.0849,1.0882,1.0832,1.0849
2020-02-26,1.0881,1.0904,1.0856,1.0882
2020-02-27,1.0886,1.1006,1.0886,1.0886
2020-02-28,1.0996,1.1053,1.0952,1.0997
2020-03-02,1.1053,1.1164,1.1037,1.1051
2020-03-03,1.1144,1.1207,1.1097,1.1144
2020-03-04,1.1177,1.1186,1.1097,1.1181
2020-03-05,1.1139,1.1204,1.1122,1.1139
2020-03-06,1.1224,1.1355,1.1214,1.1224
2020-03-09,1.1386,1.1496,1.1357,1.1386
2020-03-10,1.1397,1.1423,1.1334,1.1398
2020-03-11,1.1316,1.1366,1.1259,1.1317
2020-03-12,1.1261,1.1333,1.1081,1.1262
2020-03-13,1.1184,1.1221,1.1065,1.1185
2020-03-16,1.116,1.1235,1.1089,1.1155
2020-03-17,1.1163,1.1189,1.0958,1.1163
2020-03-18,1.1017,1.1045,1.0832,1.1016
2020-03-19,1.0943,1.0946,1.0698,1.0962
2020-03-20,1.0658,1.083,1.0655,1.0657
2020-03-23,1.0688,1.0825,1.066,1.0694
2020-03-24,1.0765,1.0889,1.0753,1.0765
2020-03-25,1.0801,1.085,1.077,1.0803
2020-03-26,1.0888,1.1025,1.0877,1.089
2020-03-27,1.1046,1.1086,1.0955,1.1048
2020-03-29,1.1135,1.1138,1.1012,1.1139
2020-03-30,1.1028,1.1044,1.093,1.103
2020-03-31,1.1028,1.1038,1.0919,1.1027
2020-04-01,1.0951,1.0963,1.0844,1.0954
2020-04-02,1.0844,1.0859,1.0776,1.0847
2020-04-05,1.0808,1.0834,1.0769,1.0807
2020-04-06,1.0802,1.0923,1.0791,1.0804
2020-04-07,1.0894,1.0896,1.0832,1.0895
2020-04-08,1.0861,1.0944,1.0842,1.0864
2020-04-09,1.0926,1.0954,1.0921,1.0927
2020-04-12,1.0931,1.0969,1.0894,1.0933
2020-04-13,1.092,1.0984,1.0916,1.0923
2020-04-14,1.0982,1.0989,1.0858,1.0985
2020-04-15,1.0904,1.0908,1.083,1.0905
2020-04-16,1.086,1.0893,1.0813,1.0858
2020-04-19,1.0866,1.0897,1.0843,1.0867
2020-04-20,1.0864,1.088,1.0818,1.0865
2020-04-21,1.0857,1.0883,1.0824,1.0856
2020-04-22,1.0807,1.0844,1.0758,1.081
2020-04-23,1.0776,1.0818,1.0728,1.0777
2020-04-26,1.0824,1.086,1.0812,1.0824
2020-04-27,1.0827,1.089,1.0811,1.0825
2020-04-28,1.0832,1.0874,1.0832,1.0837
2020-04-29,1.0877,1.097,1.0836,1.0877
2020-04-30,1.0945,1.1016,1.0935,1.0945
2020-05-03,1.0957,1.0958,1.0901,1.096
2020-05-04,1.0905,1.0921,1.0827,1.0904
2020-05-05,1.084,1.0845,1.0784,1.0839
2020-05-06,1.0801,1.0816,1.0768,1.0799
2020-05-07,1.0837,1.0873,1.0816,1.0837
2020-05-10,1.084,1.0853,1.0804,1.084
2020-05-11,1.0809,1.088,1.0785,1.0809
2020-05-12,1.0846,1.0893,1.0831,1.0847
2020-05-13,1.0822,1.0825,1.0777,1.0824
2020-05-14,1.0806,1.085,1.0791,1.0807
2020-05-17,1.0819,1.0913,1.0801,1.0821
2020-05-18,1.0916,1.0975,1.0903,1.0915
2020-05-19,1.093,1.0999,1.0929,1.0928
2020-05-20,1.0979,1.1009,1.0939,1.0983
2020-05-21,1.0952,1.0955,1.0886,1.0953
2020-05-24,1.0909,1.0915,1.0872,1.0908
2020-05-25,1.0901,1.0992,1.0898,1.0903
2020-05-26,1.0981,1.103,1.0937,1.0982
2020-05-27,1.1015,1.1072,1.0993,1.1017
2020-05-28,1.1078,1.1145,1.107,1.1079
2020-05-31,1.1115,1.1152,1.1101,1.1119
2020-06-01,1.1126,1.1196,1.1116,1.1126
2020-06-02,1.1186,1.125,1.1181,1.1189
2020-06-03,1.1237,1.1361,1.1196,1.1236
2020-06-04,1.1337,1.1384,1.1286,1.1338
2020-06-07,1.1316,1.1319,1.127,1.132
2020-06-08,1.1303,1.1363,1.1244,1.1306
2020-06-09,1.1334,1.1389,1.1334,1.1332
2020-06-10,1.1369,1.14,1.1326,1.1365
2020-06-11,1.1289,1.134,1.1235,1.1288
2020-06-14,1.1254,1.1292,1.1229,1.1252
2020-06-15,1.1338,1.135,1.1232,1.1338
2020-06-16,1.1265,1.1297,1.121,1.1266
2020-06-17,1.1241,1.1263,1.1205,1.1243
2020-06-18,1.1207,1.1253,1.1174,1.1211
2020-06-21,1.1179,1.1268,1.1176,1.1178
2020-06-22,1.1277,1.1349,1.1234,1.128
2020-06-23,1.1314,1.1326,1.126,1.1312
2020-06-24,1.1251,1.126,1.1191,1.1251
2020-06-25,1.1221,1.1239,1.1198,1.1222
2020-06-28,1.1224,1.1289,1.1221,1.1226
2020-06-29,1.1247,1.1262,1.1192,1.1247
2020-06-30,1.1234,1.1275,1.1189,1.1236
2020-07-01,1.1253,1.1303,1.1228,1.1251
2020-07-02,1.124,1.1251,1.1221,1.1238
2020-07-05,1.1249,1.1347,1.1249,1.1247
2020-07-06,1.131,1.1337,1.126,1.1313
2020-07-07,1.1273,1.1346,1.1265,1.1275
2020-07-08,1.1338,1.1373,1.1288,1.1339
2020-07-09,1.1289,1.1325,1.1257,1.1288
2020-07-12,1.1309,1.137,1.1305,1.131
2020-07-13,1.1346,1.1407,1.1326,1.1345
2020-07-14,1.1411,1.1453,1.1394,1.1411
2020-07-15,1.1417,1.1443,1.138,1.1417
2020-07-16,1.1386,1.1442,1.1379,1.1392
2020-07-19,1.144,1.1468,1.1405,1.1443
2020-07-20,1.1458,1.1498,1.1426,1.1459
2020-07-21,1.1535,1.1601,1.1509,1.1534
2020-07-22,1.1567,1.1624,1.1542,1.1569
2020-07-23,1.1595,1.164,1.1582,1.1596
2020-07-26,1.1653,1.178,1.1653,1.1653
2020-07-27,1.1767,1.1776,1.1701,1.1769
2020-07-28,1.1721,1.1779,1.1715,1.1719
2020-07-29,1.1787,1.1807,1.1733,1.1783
2020-07-30,1.1874,1.1908,1.1803,1.1872
2020-08-02,1.1784,1.1788,1.1701,1.1782
2020-08-03,1.1761,1.1805,1.1724,1.1763
2020-08-04,1.1815,1.1905,1.18,1.1815
2020-08-05,1.1874,1.1912,1.1821,1.1873
2020-08-06,1.1875,1.1884,1.1757,1.1876
2020-08-09,1.1782,1.1802,1.1743,1.1783
2020-08-10,1.1738,1.1805,1.1723,1.1738
2020-08-11,1.174,1.1813,1.1713,1.1737
2020-08-12,1.1796,1.1864,1.1795,1.1794
2020-08-13,1.1819,1.1838,1.1785,1.1817
2020-08-16,1.185,1.1881,1.183,1.1853
2020-08-17,1.1879,1.1965,1.1875,1.1876
2020-08-18,1.1947,1.1955,1.1893,1.1948
2020-08-19,1.1842,1.1868,1.1807,1.1844
2020-08-20,1.1871,1.1886,1.1755,1.1874
2020-08-23,1.1799,1.1853,1.1786,1.1798
2020-08-24,1.1795,1.1844,1.1785,1.1795
2020-08-25,1.1833,1.184,1.1776,1.1835
2020-08-26,1.184,1.1899,1.1766,1.1843
2020-08-27,1.182,1.192,1.1812,1.182
2020-08-30,1.1917,1.1964,1.1885,1.1918
2020-08-31,1.1939,1.2011,1.1937,1.1939
2020-09-01,1.1923,1.1924,1.1824,1.1923
2020-09-02,1.1846,1.1848,1.179,1.1847
2020-09-03,1.1844,1.1864,1.1782,1.184
2020-09-06,1.1837,1.1849,1.1814,1.1834
2020-09-07,1.1819,1.1829,1.1767,1.1822
2020-09-08,1.1769,1.1831,1.1754,1.177
2020-09-09,1.1806,1.1915,1.1803,1.1806
2020-09-10,1.1826,1.1876,1.1826,1.1824
2020-09-13,1.1844,1.1888,1.1833,1.1843
2020-09-14,1.1867,1.1901,1.1841,1.187
2020-09-15,1.1843,1.1883,1.1815,1.1844
2020-09-16,1.1804,1.183,1.1742,1.1803
2020-09-17,1.1853,1.1871,1.1831,1.1848
2020-09-20,1.1846,1.1873,1.1733,1.1846
2020-09-21,1.1762,1.1773,1.1693,1.1768
2020-09-22,1.1708,1.172,1.1665,1.1708
2020-09-23,1.1662,1.1681,1.163,1.1659
2020-09-24,1.1674,1.1685,1.1613,1.1673
2020-09-27,1.1635,1.168,1.1617,1.1635
2020-09-28,1.1678,1.1742,1.1667,1.1679
2020-09-29,1.1743,1.1756,1.1686,1.1742
2020-09-30,1.1724,1.1767,1.1718,1.1726
2020-10-01,1.1744,1.1747,1.1697,1.1745
2020-10-04,1.1722,1.1797,1.1719,1.172
2020-10-05,1.1788,1.1807,1.1767,1.1792
2020-10-06,1.1737,1.1781,1.1725,1.1738
2020-10-07,1.1766,1.1781,1.1735,1.1767
2020-10-08,1.1767,1.1825,1.1759,1.1767
2020-10-11,1.1813,1.1827,1.1788,1.1817
2020-10-12,1.1814,1.1814,1.1736,1.1816
2020-10-13,1.1744,1.177,1.1722,1.1742
2020-10-14,1.1748,1.1761,1.169,1.1744
2020-10-15,1.1706,1.1747,1.1695,1.1707
2020-10-18,1.1716,1.1795,1.1705,1.1716
2020-10-19,1.1768,1.184,1.1763,1.1769
2020-10-20,1.1829,1.1882,1.1829,1.183
2020-10-21,1.1851,1.1869,1.1813,1.1854
2020-10-22,1.1814,1.186,1.1788,1.1815
2020-10-26,1.1848,1.1851,1.1804,1.1848
2020-10-27,1.1809,1.1838,1.1799,1.1809
2020-10-28,1.1782,1.1788,1.1719,1.1784
2020-10-29,1.1747,1.1759,1.1656,1.1749
2020-10-30,1.1677,1.1703,1.1643,1.1679
2020-11-02,1.1643,1.1657,1.1624,1.1642
2020-11-03,1.1643,1.1742,1.1638,1.1643
2020-11-04,1.1765,1.1769,1.1608,1.1762
2020-11-05,1.173,1.1857,1.1713,1.1733
2020-11-06,1.1814,1.1891,1.1796,1.1818
2020-11-09,1.1893,1.1919,1.1797,1.1893
2020-11-10,1.1823,1.1844,1.1781,1.1827
2020-11-11,1.182,1.1833,1.1747,1.1819
2020-11-12,1.1779,1.1823,1.176,1.178
2020-11-13,1.1805,1.1834,1.18,1.1803
2020-11-16,1.1844,1.1869,1.1815,1.1845
2020-11-17,1.186,1.1893,1.1846,1.1859
2020-11-18,1.1864,1.1891,1.1851,1.1864
2020-11-19,1.1843,1.1855,1.1817,1.1848
2020-11-20,1.1867,1.1891,1.1852,1.1866
2020-11-23,1.1865,1.1906,1.1803,1.1866
2020-11-24,1.1842,1.1894,1.1839,1.1843
2020-11-25,1.1901,1.1928,1.1883,1.1901
2020-11-26,1.1918,1.1941,1.1887,1.192
2020-11-27,1.1912,1.1962,1.1911,1.1916
2020-11-30,1.1971,1.2002,1.1944,1.1971
2020-12-01,1.1938,1.2054,1.1936,1.1938
2020-12-02,1.207,1.2107,1.2041,1.2074
2020-12-03,1.2113,1.2175,1.2102,1.2115
2020-12-04,1.2145,1.2178,1.2134,1.2146
2020-12-07,1.2121,1.2164,1.2081,1.2121
2020-12-08,1.2109,1.2134,1.2097,1.2113
2020-12-09,1.211,1.2149,1.2074,1.2111
2020-12-10,1.2082,1.2158,1.208,1.2079
2020-12-11,1.2143,1.2164,1.2108,1.2144
2020-12-14,1.2134,1.2174,1.2118,1.2133
2020-12-15,1.2149,1.2166,1.2127,1.2149
2020-12-16,1.2154,1.2213,1.2147,1.2154
2020-12-17,1.2197,1.2263,1.2192,1.22
2020-12-18,1.2262,1.2268,1.2227,1.2263
2020-12-21,1.2211,1.2235,1.2131,1.2216
2020-12-22,1.2238,1.2259,1.2166,1.2237
2020-12-23,1.2186,1.2219,1.2158,1.2187
2020-12-24,1.2194,1.2217,1.2179,1.2191
2020-12-25,1.2185,1.2213,1.2167,1.2185
2020-12-28,1.2207,1.2252,1.2184,1.2205
2020-12-29,1.222,1.2276,1.222,1.2223
2020-12-30,1.2253,1.2309,1.2252,1.2253
2020-12-31,1.2299,1.231,1.2223,1.23
2021-01-01,1.2173,1.2217,1.2135,1.218
2021-01-04,1.2249,1.231,1.2171,1.2251
2021-01-05,1.2253,1.2295,1.225,1.2252
2021-01-06,1.2299,1.235,1.2267,1.23
2021-01-07,1.2338,1.2346,1.2247,1.2341
2021-01-08,1.2269,1.2282,1.2215,1.2271
2021-01-11,1.2188,1.22,1.2135,1.2186
2021-01-12,1.2162,1.2178,1.2139,1.2161
2021-01-13,1.2209,1.2225,1.2155,1.2209
2021-01-14,1.2162,1.2173,1.2113,1.2162
2021-01-15,1.2153,1.2162,1.2085,1.2151
2021-01-18,1.2067,1.2086,1.2055,1.2068
2021-01-19,1.2078,1.2145,1.2078,1.2077
2021-01-20,1.2139,1.216,1.2078,1.2139
2021-01-21,1.2115,1.2172,1.211,1.2116
2021-01-22,1.2166,1.2188,1.2152,1.2166
2021-01-25,1.2169,1.2186,1.2117,1.2169
2021-01-26,1.2143,1.2175,1.2108,1.2146
2021-01-27,1.2163,1.2171,1.2062,1.2163
2021-01-28,1.2105,1.2144,1.2082,1.2105
2021-01-29,1.2121,1.2157,1.2096,1.212
2021-02-01,1.2123,1.2136,1.2069,1.2124
2021-02-02,1.2068,1.2088,1.2018,1.2069
2021-02-03,1.2039,1.205,1.2005,1.2039
2021-02-04,1.2042,1.2044,1.1967,1.2042
2021-02-05,1.1967,1.204,1.1954,1.1967
2021-02-08,1.2049,1.2069,1.2021,1.2049
2021-02-09,1.2053,1.2115,1.205,1.2054
2021-02-10,1.2117,1.2144,1.211,1.212
2021-02-11,1.2119,1.2151,1.2114,1.2121
2021-02-12,1.213,1.2136,1.2084,1.2132
2021-02-15,1.2121,1.2147,1.2117,1.2122
2021-02-16,1.2132,1.2171,1.2096,1.2132
2021-02-17,1.2089,1.2098,1.2026,1.2092
2021-02-18,1.2046,1.2089,1.2036,1.2048
2021-02-19,1.2092,1.2148,1.2083,1.2092
2021-02-22,1.2124,1.2155,1.2092,1.2126
2021-02-23,1.2167,1.2179,1.2137,1.2167
2021-02-24,1.2152,1.2174,1.2111,1.2152
2021-02-25,1.217,1.2242,1.2157,1.2171
2021-02-26,1.216,1.2182,1.2092,1.216
2021-03-01,1.2091,1.2102,1.203,1.209
2021-03-02,1.2049,1.208,1.1994,1.2051
2021-03-03,1.2085,1.211,1.2045,1.2085
2021-03-04,1.2048,1.2064,1.2025,1.2051
2021-03-05,1.1969,1.1969,1.1898,1.1968
2021-03-08,1.1925,1.1932,1.1848,1.1926
2021-03-09,1.1852,1.1916,1.1836,1.1852
2021-03-10,1.1897,1.1925,1.187,1.1898
2021-03-11,1.1927,1.1978,1.1917,1.1926
2021-03-12,1.1982,1.199,1.1911,1.1986
2021-03-15,1.1951,1.1965,1.1912,1.195
2021-03-16,1.1927,1.1953,1.1884,1.1926
2021-03-17,1.1902,1.1918,1.1888,1.1902
2021-03-18,1.1981,1.1991,1.191,1.1983
2021-03-19,1.1918,1.1937,1.1875,1.1918
2021-03-22,1.1885,1.1937,1.1876,1.1883
2021-03-23,1.1933,1.1943,1.1864,1.1933
2021-03-24,1.1841,1.1851,1.1813,1.184
2021-03-25,1.1814,1.183,1.1775,1.1813
2021-03-26,1.1776,1.1804,1.1773,1.1777
2021-03-28,1.1788,1.1794,1.1762,1.1788
2021-03-29,1.1769,1.1776,1.1713,1.1771
2021-03-30,1.1723,1.1759,1.1705,1.1724
2021-03-31,1.1729,1.1776,1.1715,1.1729
2021-04-01,1.1778,1.1787,1.1751,1.178
2021-04-04,1.1766,1.1816,1.1739,1.1768
2021-04-05,1.1819,1.1855,1.1796,1.1819
2021-04-06,1.1875,1.1915,1.1865,1.1874
2021-04-07,1.1872,1.1915,1.1862,1.1874
2021-04-08,1.1916,1.1923,1.1869,1.1916
2021-04-11,1.1896,1.192,1.1873,1.1901
2021-04-12,1.1912,1.1953,1.1884,1.1915
2021-04-13,1.1957,1.1982,1.1952,1.1954
2021-04-14,1.1982,1.1993,1.1958,1.1986
2021-04-15,1.1971,1.1995,1.1951,1.1972
2021-04-18,1.1968,1.2048,1.1943,1.1969
2021-04-19,1.2044,1.2082,1.2029,1.2045
2021-04-20,1.2033,1.2045,1.2,1.2032
2021-04-21,1.2038,1.207,1.2004,1.2038
2021-04-22,1.2018,1.2078,1.2014,1.2015
2021-04-25,1.209,1.2118,1.2064,1.209
2021-04-26,1.2079,1.2092,1.2058,1.2082
2021-04-27,1.2089,1.2102,1.2058,1.209
2021-04-28,1.2136,1.2152,1.2104,1.2136
2021-04-29,1.2125,1.2129,1.2025,1.2127
2021-05-02,1.2026,1.2078,1.2015,1.2028
2021-05-03,1.206,1.2063,1.2,1.2061
2021-05-04,1.2016,1.2029,1.1987,1.2015
2021-05-05,1.2009,1.207,1.1994,1.2008
2021-05-06,1.2066,1.2165,1.2053,1.2069
2021-05-09,1.2168,1.2177,1.2137,1.2171
2021-05-10,1.2142,1.218,1.2125,1.2141
2021-05-11,1.2146,1.2151,1.2068,1.2145
2021-05-12,1.2077,1.2107,1.2053,1.2079
2021-05-13,1.208,1.2148,1.2071,1.2077
2021-05-16,1.2148,1.217,1.2128,1.215
2021-05-17,1.2155,1.2232,1.2154,1.2157
2021-05-18,1.2226,1.2248,1.2192,1.2224
2021-05-19,1.2173,1.2229,1.2171,1.2173
2021-05-20,1.2228,1.2242,1.2174,1.2225
2021-05-23,1.2181,1.2229,1.2176,1.2183
2021-05-24,1.2214,1.2267,1.2212,1.2215
2021-05-25,1.2249,1.2265,1.22,1.2249
2021-05-26,1.219,1.2217,1.2176,1.2193
2021-05-27,1.2193,1.2201,1.2133,1.2193
2021-05-30,1.219,1.2234,1.2184,1.219
2021-05-31,1.2234,1.2254,1.2215,1.2233
2021-06-01,1.2218,1.2229,1.2166,1.2218
2021-06-02,1.2212,1.2216,1.2121,1.221
2021-06-03,1.213,1.2188,1.2106,1.2133
2021-06-06,1.2166,1.2202,1.2145,1.2168
2021-06-07,1.219,1.2197,1.2167,1.2194
2021-06-08,1.2172,1.2219,1.2172,1.2173
2021-06-09,1.2177,1.2192,1.2145,1.2182
2021-06-10,1.2173,1.2195,1.2095,1.2173
2021-06-13,1.2111,1.2132,1.2095,1.211
2021-06-14,1.2124,1.2149,1.2103,1.2122
2021-06-15,1.2125,1.2135,1.211,1.2127
2021-06-16,1.1992,1.2008,1.1907,1.1996
2021-06-17,1.1913,1.1927,1.1851,1.1913
2021-06-20,1.1869,1.1921,1.1849,1.1874
2021-06-21,1.1912,1.1918,1.1882,1.1913
2021-06-22,1.1937,1.197,1.1916,1.1937
2021-06-23,1.1932,1.1957,1.192,1.1933
2021-06-24,1.1928,1.1974,1.1928,1.193
2021-06-27,1.1942,1.1946,1.1905,1.1942
2021-06-28,1.193,1.193,1.188,1.1929
2021-06-29,1.19,1.191,1.1846,1.1902
2021-06-30,1.1855,1.1884,1.1838,1.1857
2021-07-01,1.1847,1.1861,1.1819,1.1846
2021-07-04,1.1856,1.1882,1.1852,1.1856
2021-07-05,1.1861,1.1896,1.1815,1.1864
2021-07-06,1.182,1.1841,1.1782,1.1825
2021-07-07,1.1794,1.1866,1.1784,1.1793
2021-07-08,1.1847,1.1875,1.1825,1.1848
2021-07-11,1.1874,1.1882,1.1837,1.1873
2021-07-12,1.1865,1.1878,1.1793,1.1865
2021-07-13,1.1774,1.1828,1.1773,1.1775
2021-07-14,1.1833,1.1851,1.1806,1.1833
2021-07-15,1.1813,1.1823,1.1794,1.1812
2021-07-18,1.1812,1.1823,1.1764,1.1814
2021-07-19,1.1792,1.1804,1.1757,1.1794
2021-07-20,1.1786,1.1803,1.1754,1.1784
2021-07-21,1.1795,1.183,1.1767,1.1793
2021-07-22,1.1774,1.1786,1.1756,1.1773
2021-07-25,1.1773,1.1818,1.1765,1.1773
2021-07-26,1.1806,1.1837,1.1772,1.1808
2021-07-27,1.1822,1.183,1.1786,1.1823
2021-07-28,1.1847,1.1892,1.1842,1.1846
2021-07-29,1.1892,1.1911,1.1856,1.1893
2021-08-01,1.1865,1.1899,1.186,1.1867
2021-08-02,1.1875,1.1896,1.1856,1.1875
2021-08-03,1.1869,1.1902,1.1834,1.1869
2021-08-04,1.184,1.1859,1.183,1.1837
2021-08-05,1.1833,1.1836,1.1756,1.1836
2021-08-08,1.1751,1.1772,1.1742,1.175
2021-08-09,1.1739,1.1744,1.1711,1.1738
2021-08-10,1.172,1.1747,1.1706,1.1723
2021-08-11,1.1742,1.1751,1.1725,1.1742
2021-08-12,1.1736,1.1803,1.1731,1.1736
2021-08-15,1.1796,1.1804,1.1768,1.1795
2021-08-16,1.178,1.1784,1.1711,1.178
2021-08-17,1.171,1.1731,1.1697,1.171
2021-08-18,1.1704,1.1707,1.1669,1.1703
2021-08-19,1.1677,1.1691,1.1665,1.1677
2021-08-22,1.17,1.1743,1.1696,1.1698
2021-08-23,1.1747,1.1765,1.1728,1.1745
2021-08-24,1.1755,1.1761,1.1729,1.1753
2021-08-25,1.1773,1.1781,1.1748,1.1774
2021-08-26,1.1753,1.1804,1.1736,1.1756
2021-08-29,1.18,1.1812,1.1785,1.1799
2021-08-30,1.1799,1.1846,1.1796,1.1797
2021-08-31,1.1812,1.186,1.1795,1.181
2021-09-01,1.1842,1.1872,1.1835,1.1841
2021-09-02,1.1874,1.1908,1.1868,1.1876
2021-09-05,1.1886,1.1886,1.1857,1.1886
2021-09-06,1.1874,1.1888,1.1838,1.1875
2021-09-07,1.1846,1.1854,1.1803,1.1844
2021-09-08,1.182,1.1841,1.1806,1.1819
2021-09-09,1.1824,1.1853,1.1819,1.1826
2021-09-12,1.1813,1.1818,1.1771,1.1812
2021-09-13,1.1811,1.1847,1.1802,1.1812
2021-09-14,1.1804,1.1833,1.1801,1.1805
2021-09-15,1.1819,1.1823,1.1752,1.182
2021-09-16,1.1765,1.179,1.173,1.1767
2021-09-19,1.1729,1.1737,1.1701,1.173
2021-09-20,1.1726,1.1749,1.1716,1.173
2021-09-21,1.1726,1.1745,1.1717,1.1723
2021-09-22,1.1689,1.1751,1.1684,1.1688
2021-09-23,1.1742,1.1748,1.1702,1.174
2021-09-26,1.1722,1.1728,1.1687,1.1723
2021-09-27,1.1696,1.1706,1.167,1.1697
2021-09-28,1.1687,1.1692,1.161,1.1686
2021-09-29,1.1602,1.1612,1.157,1.1602
2021-09-30,1.1574,1.1609,1.1564,1.1574
2021-10-03,1.1607,1.164,1.1589,1.1607
2021-10-04,1.1617,1.1623,1.1583,1.1618
2021-10-05,1.1595,1.16,1.153,1.1596
2021-10-06,1.1555,1.1571,1.1549,1.1555
2021-10-07,1.1559,1.1584,1.1543,1.156
2021-10-10,1.1566,1.1587,1.1553,1.1566
2021-10-11,1.1553,1.157,1.1534,1.1554
2021-10-12,1.1531,1.1579,1.1531,1.1534
2021-10-13,1.16,1.1625,1.1585,1.16
2021-10-14,1.1591,1.162,1.1589,1.1592
2021-10-17,1.1596,1.1612,1.1573,1.1597
2021-10-18,1.1615,1.167,1.1615,1.1614
2021-10-19,1.1634,1.1654,1.1618,1.1632
2021-10-20,1.1652,1.167,1.1633,1.1655
2021-10-21,1.1626,1.1654,1.1622,1.1625
2021-10-24,1.1641,1.1669,1.1593,1.164
2021-10-25,1.1612,1.1629,1.1586,1.1612
2021-10-26,1.1598,1.1624,1.1585,1.1598
2021-10-27,1.1599,1.1693,1.1583,1.16
2021-10-28,1.1684,1.1692,1.1547,1.1684
2021-11-01,1.1559,1.1593,1.1547,1.1557
2021-11-02,1.1602,1.1615,1.1579,1.16
2021-11-03,1.1581,1.1599,1.1564,1.1579
2021-11-04,1.1616,1.1617,1.1529,1.1616
2021-11-05,1.1557,1.1565,1.1514,1.1555
2021-11-08,1.1568,1.1596,1.1552,1.1569
2021-11-09,1.1589,1.1609,1.157,1.1592
2021-11-10,1.1594,1.1598,1.1513,1.1596
2021-11-11,1.1486,1.1492,1.1455,1.1486
2021-11-12,1.1448,1.146,1.1434,1.1451
2021-11-15,1.1442,1.1464,1.1417,1.1442
2021-11-16,1.1367,1.1387,1.1331,1.1366
2021-11-17,1.1316,1.1334,1.1271,1.1321
2021-11-18,1.1318,1.136,1.1315,1.1321
2021-11-19,1.137,1.137,1.1252,1.1368
2021-11-22,1.1276,1.1291,1.1238,1.1276
2021-11-23,1.1244,1.1273,1.1227,1.1242
2021-11-24,1.1244,1.1255,1.1188,1.1245
2021-11-25,1.1207,1.1231,1.1204,1.1203
2021-11-26,1.1209,1.1322,1.1208,1.121
2021-11-29,1.1291,1.1298,1.1259,1.1293
2021-11-30,1.1294,1.1382,1.1246,1.1293
2021-12-01,1.133,1.1358,1.1304,1.133
2021-12-02,1.132,1.1348,1.1302,1.132
2021-12-03,1.1307,1.1332,1.1267,1.1306
2021-12-06,1.1303,1.131,1.1269,1.1305
2021-12-07,1.1285,1.1299,1.1231,1.1287
2021-12-08,1.1273,1.1339,1.127,1.1277
2021-12-09,1.1344,1.1346,1.1279,1.1346
2021-12-10,1.1294,1.1323,1.1267,1.1293
2021-12-13,1.1311,1.1316,1.1264,1.1312
2021-12-14,1.1283,1.1328,1.1267,1.1285
2021-12-15,1.1259,1.1278,1.1249,1.1261
2021-12-16,1.1293,1.1364,1.1282,1.1291
2021-12-17,1.1335,1.1349,1.1268,1.1334
2021-12-20,1.1243,1.1305,1.1237,1.1244
2021-12-21,1.1277,1.1303,1.1262,1.1278
2021-12-22,1.1291,1.1342,1.1265,1.1288
2021-12-23,1.133,1.1346,1.1292,1.1329
2021-12-24,1.1325,1.1344,1.1308,1.1327
2021-12-27,1.1324,1.1335,1.1304,1.1324
2021-12-28,1.133,1.1336,1.129,1.133
2021-12-29,1.1313,1.137,1.1275,1.1315
2021-12-30,1.136,1.136,1.1301,1.136
2021-12-31,1.1323,1.1379,1.1305,1.1325
2022-01-03,1.1374,1.1376,1.1285,1.1373
2022-01-04,1.1302,1.1323,1.1273,1.1302
2022-01-05,1.1285,1.1346,1.1278,1.1284
2022-01-06,1.1312,1.1331,1.1286,1.1313
2022-01-07,1.1296,1.136,1.1291,1.1297
2022-01-10,1.1353,1.136,1.1288,1.1354
2022-01-11,1.1333,1.1369,1.1316,1.133
2022-01-12,1.137,1.1433,1.1356,1.1366
2022-01-13,1.144,1.1479,1.1436,1.1442
2022-01-14,1.1457,1.1484,1.141,1.1457
2022-01-17,1.1412,1.1435,1.1393,1.1411
2022-01-18,1.1413,1.1423,1.133,1.1411
2022-01-19,1.133,1.1357,1.132,1.133
2022-01-20,1.1344,1.1369,1.133,1.1343
2022-01-21,1.1315,1.1361,1.1302,1.1314
2022-01-24,1.1341,1.1341,1.1291,1.1341
2022-01-25,1.1324,1.1325,1.1267,1.1324
2022-01-26,1.1304,1.1313,1.1272,1.1305
2022-01-27,1.1242,1.1245,1.1134,1.1244
2022-01-28,1.1146,1.117,1.1123,1.1147
2022-01-31,1.1151,1.1217,1.1145,1.1152
2022-02-01,1.1229,1.1279,1.1222,1.123
2022-02-02,1.1273,1.1329,1.1267,1.1274
2022-02-03,1.13,1.1451,1.1272,1.13
2022-02-04,1.1435,1.1484,1.1413,1.1436
2022-02-07,1.1455,1.146,1.1417,1.1455
2022-02-08,1.1441,1.1451,1.1397,1.1443
2022-02-09,1.1421,1.1447,1.1403,1.1421
2022-02-10,1.1421,1.1494,1.1381,1.1422
2022-02-11,1.1412,1.1419,1.1371,1.1416
2022-02-14,1.1366,1.1369,1.1293,1.1365
2022-02-15,1.1306,1.1369,1.1306,1.1306
2022-02-16,1.1356,1.1393,1.1345,1.1357
2022-02-17,1.1373,1.1387,1.1328,1.1375
2022-02-18,1.1364,1.1377,1.1316,1.1366
2022-02-21,1.1317,1.1386,1.1314,1.1317
2022-02-22,1.131,1.1364,1.1289,1.131
2022-02-23,1.1331,1.136,1.1307,1.1329
2022-02-24,1.1306,1.1306,1.111,1.1306
2022-02-25,1.1191,1.1266,1.1168,1.1191
2022-02-28,1.1181,1.1245,1.1143,1.1181
2022-03-01,1.1215,1.1232,1.1102,1.1216
2022-03-02,1.1131,1.1142,1.1059,1.1133
2022-03-03,1.1114,1.1116,1.104,1.1112
2022-03-04,1.1069,1.1069,1.089,1.1067
2022-03-07,1.0874,1.0931,1.0809,1.0875
2022-03-08,1.087,1.0922,1.0851,1.0865
2022-03-09,1.0901,1.1091,1.0898,1.0898
2022-03-10,1.1073,1.1116,1.0982,1.1074
2022-03-11,1.1012,1.1042,1.0935,1.1014
2022-03-14,1.0933,1.0987,1.0903,1.0932
2022-03-15,1.0945,1.1018,1.0939,1.0943
2022-03-16,1.0967,1.1039,1.0956,1.0969
2022-03-17,1.1022,1.111,1.1021,1.1022
2022-03-18,1.1099,1.1118,1.1005,1.11
2022-03-21,1.1042,1.1067,1.1026,1.1043
2022-03-22,1.1016,1.1046,1.0962,1.1017
2022-03-23,1.103,1.1042,1.0966,1.103
2022-03-24,1.1006,1.1013,1.097,1.1006
2022-03-25,1.1009,1.1039,1.0983,1.101
2022-03-27,1.0982,1.0997,1.0945,1.0982
2022-03-28,1.0994,1.1136,1.097,1.0994
2022-03-29,1.1092,1.117,1.1089,1.1092
2022-03-30,1.1162,1.1183,1.1074,1.1162
2022-03-31,1.1072,1.1075,1.103,1.1072
2022-04-03,1.1047,1.1057,1.0981,1.1047
2022-04-04,1.0976,1.0991,1.0921,1.0976
2022-04-05,1.0906,1.0937,1.0876,1.0906
2022-04-06,1.0898,1.0935,1.0867,1.0898
2022-04-07,1.0865,1.0892,1.0837,1.0865
2022-04-10,1.0885,1.0933,1.0875,1.0885
2022-04-11,1.0878,1.0904,1.0852,1.0878
2022-04-12,1.0826,1.0874,1.081,1.0826
2022-04-13,1.0897,1.0923,1.0759,1.0897
2022-04-14,1.0821,1.0823,1.0799,1.0821
2022-04-17,1.0815,1.0816,1.0784,1.0815
2022-04-18,1.0782,1.0812,1.0762,1.0782
2022-04-19,1.0794,1.0867,1.0785,1.0794
2022-04-20,1.085,1.0935,1.0824,1.085
2022-04-21,1.0835,1.0854,1.0773,1.0835
2022-04-24,1.0811,1.0812,1.07,1.0811
2022-04-25,1.0714,1.0739,1.0645,1.0714
2022-04-26,1.0644,1.0656,1.0517,1.0644
2022-04-27,1.0555,1.0562,1.0473,1.0555
2022-04-28,1.0504,1.059,1.0505,1.0504
2022-05-01,1.0536,1.0568,1.0504,1.0536
2022-05-02,1.0509,1.0578,1.0494,1.0509
2022-05-03,1.0529,1.0566,1.0507,1.0529
2022-05-04,1.0622,1.064,1.0505,1.0622
2022-05-05,1.054,1.0598,1.0485,1.054
2022-05-08,1.0532,1.0572,1.0497,1.0532
2022-05-09,1.0566,1.0586,1.0527,1.0566
2022-05-10,1.0533,1.0576,1.0507,1.0533
2022-05-11,1.0512,1.053,1.0374,1.0512
2022-05-12,1.038,1.0419,1.0352,1.038
2022-05-15,1.0401,1.0438,1.0391,1.0401
2022-05-16,1.0439,1.0554,1.0432,1.0439
2022-05-17,1.0548,1.0564,1.0492,1.0548
2022-05-18,1.0473,1.0598,1.0466,1.0473
2022-05-19,1.0579,1.0599,1.0541,1.0579
2022-05-22,1.057,1.069,1.0569,1.057
2022-05-23,1.0682,1.0746,1.0662,1.0682
2022-05-24,1.0737,1.0737,1.0644,1.0737
2022-05-25,1.0687,1.0729,1.0665,1.0687
2022-05-26,1.0733,1.0765,1.0698,1.0733
2022-05-29,1.0731,1.0785,1.0727,1.0731
2022-05-30,1.0774,1.0775,1.0682,1.0774
2022-05-31,1.0734,1.0737,1.0632,1.0734
2022-06-01,1.0654,1.0738,1.0646,1.0654
2022-06-02,1.0751,1.0765,1.0707,1.0751
2022-06-05,1.0726,1.0753,1.0686,1.0726
2022-06-06,1.0691,1.0709,1.0653,1.0691
2022-06-07,1.0699,1.0748,1.0673,1.0699
2022-06-08,1.0718,1.077,1.0647,1.0718
2022-06-09,1.0619,1.0642,1.0508,1.0619
2022-06-12,1.049,1.0498,1.0419,1.049
2022-06-13,1.0415,1.0482,1.0398,1.0415
2022-06-14,1.0441,1.0507,1.0386,1.0441
2022-06-15,1.0456,1.053,1.0383,1.0456
2022-06-16,1.0547,1.0552,1.0446,1.0547
2022-06-19,1.0491,1.0545,1.0486,1.0491
2022-06-20,1.0521,1.0582,1.0514,1.0521
2022-06-21,1.0533,1.0603,1.0472,1.0533
2022-06-22,1.0564,1.0581,1.0484,1.0564
2022-06-23,1.052,1.0569,1.0514,1.052
2022-06-26,1.0566,1.0614,1.0551,1.0566
2022-06-27,1.0581,1.0605,1.0506,1.0581
2022-06-28,1.0524,1.0536,1.0468,1.0524
2022-06-29,1.0447,1.0479,1.0384,1.0447
2022-06-30,1.0478,1.0478,1.037,1.0478
2022-07-03,1.0434,1.0464,1.0418,1.0434
2022-07-04,1.0433,1.0449,1.0237,1.0433
2022-07-05,1.0258,1.0274,1.0162,1.0258
2022-07-06,1.0186,1.0219,1.0153,1.0186
2022-07-07,1.017,1.0191,1.008,1.017
2022-07-10,1.0166,1.0168,1.0054,1.0166
2022-07-11,1.0048,1.0074,1.0001,1.0048
2022-07-12,1.0033,1.0116,0.9999,1.0033
2022-07-13,1.0033,1.0049,0.9954,1.0033
2022-07-14,1.0026,1.0098,1.0011,1.0026
2022-07-17,1.0096,1.0199,1.0082,1.0096
2022-07-18,1.0145,1.0268,1.0126,1.0145
2022-07-19,1.0231,1.0272,1.0176,1.0231
2022-07-20,1.0183,1.0275,1.0163,1.0183
2022-07-21,1.0221,1.0255,1.0134,1.0221
2022-07-24,1.02,1.0256,1.0181,1.02
2022-07-25,1.0225,1.0249,1.0114,1.0225
2022-07-26,1.013,1.0172,1.0107,1.013
2022-07-27,1.0209,1.0233,1.0116,1.0209
2022-07-28,1.0192,1.0254,1.0149,1.0192
2022-07-31,1.0208,1.0277,1.021,1.0208
2022-08-01,1.0261,1.0293,1.0184,1.0261
2022-08-02,1.0156,1.0208,1.0123,1.0156
2022-08-03,1.0158,1.0232,1.0156,1.0158
2022-08-04,1.0248,1.0249,1.0144,1.0248
2022-08-07,1.0171,1.0222,1.016,1.0171
2022-08-08,1.0198,1.0247,1.0189,1.0198
2022-08-09,1.0208,1.0369,1.0203,1.0208
2022-08-10,1.0301,1.0366,1.0276,1.0301
2022-08-11,1.0317,1.0327,1.024,1.0317
2022-08-14,1.0256,1.0267,1.0182,1.0256
2022-08-15,1.0162,1.0194,1.0123,1.0162
2022-08-16,1.0171,1.0198,1.0148,1.0171
2022-08-17,1.018,1.0194,1.0113,1.018
2022-08-18,1.009,1.0112,1.0036,1.009
2022-08-21,1.0035,1.0048,0.9928,1.0035
2022-08-22,0.9939,1.0019,0.9903,0.9939
2022-08-23,0.9967,0.9998,0.9912,0.9967
2022-08-24,0.9969,1.0031,0.9957,0.9969
2022-08-25,0.9971,1.0088,0.9947,0.9971
2022-08-28,0.9939,1.0031,0.9915,0.9939
2022-08-29,1.0014,1.0052,0.9983,1.0014
2022-08-30,1.0025,1.0077,0.9972,1.0025
2022-08-31,1.0039,1.0046,0.9917,1.0039
2022-09-01,0.9952,1.0033,0.9951,0.9952
2022-09-04,0.9909,0.9944,0.9881,0.9909
2022-09-05,0.9952,0.9985,0.9865,0.9952
2022-09-06,0.9898,0.9955,0.9878,0.9898
2022-09-07,0.9996,1.0029,0.9933,0.9996
2022-09-08,1.0012,1.0112,1.0009,1.0012
2022-09-11,1.0071,1.0197,1.0065,1.0071
2022-09-12,1.013,1.0187,0.9996,1.013
2022-09-13,0.9982,1.0023,0.9964,0.9982
2022-09-14,0.9984,1.0018,0.9957,0.9984
2022-09-15,0.9988,1.0036,0.9946,0.9988
2022-09-18,1.0022,1.0028,0.9967,1.0022
2022-09-19,1.003,1.005,0.9957,1.003
2022-09-20,0.9971,0.9974,0.9869,0.9971
2022-09-21,0.9831,0.9906,0.9811,0.9831
2022-09-22,0.9842,0.9852,0.9704,0.9842
2022-09-25,0.969,0.97,0.9582,0.969
2022-09-26,0.9624,0.967,0.9595,0.9624
2022-09-27,0.9596,0.9686,0.954,0.9596
2022-09-28,0.9708,0.9787,0.9638,0.9708
2022-09-29,0.983,0.985,0.9736,0.983
2022-10-02,0.9793,0.9844,0.9754,0.9793
2022-10-03,0.9832,0.998,0.9807,0.9832
2022-10-04,0.9984,0.9994,0.9835,0.9984
2022-10-05,0.9911,0.9926,0.9789,0.9911
2022-10-06,0.9789,0.9816,0.9732,0.9789
2022-10-09,0.9735,0.9752,0.9683,0.9735
2022-10-10,0.971,0.9758,0.9674,0.971
2022-10-11,0.97,0.9733,0.967,0.97
2022-10-12,0.9708,0.9795,0.9636,0.9708
2022-10-13,0.9751,0.9804,0.9709,0.9751
2022-10-16,0.9739,0.9847,0.9725,0.9739
2022-10-17,0.9846,0.9874,0.9815,0.9846
2022-10-18,0.9864,0.9867,0.976,0.9864
2022-10-19,0.9766,0.9845,0.9756,0.9766
2022-10-20,0.9779,0.9857,0.9707,0.9779
2022-10-23,0.986,0.989,0.9809,0.986
2022-10-24,0.9887,0.9975,0.9852,0.9887
2022-10-25,0.9964,1.0081,0.9945,0.9964
2022-10-26,1.0092,1.0095,0.9976,1.0092
2022-10-27,0.9968,0.9999,0.9931,0.9968
2022-10-31,0.9955,0.9968,0.9874,0.9955
2022-11-01,0.9886,0.9952,0.9862,0.9886
2022-11-02,0.9878,0.9914,0.9868,0.9878
2022-11-03,0.9814,0.984,0.9731,0.9814
2022-11-04,0.975,0.9938,0.9748,0.975
2022-11-07,0.9929,1.0005,0.9919,0.9929
2022-11-08,1.0019,1.0094,0.9976,1.0019
2022-11-09,1.0081,1.0089,1.0013,1.0081
2022-11-10,1.002,1.0183,0.9938,1.002
2022-11-11,1.0192,1.0338,1.0166,1.0192
2022-11-14,1.0329,1.035,1.0274,1.0329
2022-11-15,1.0319,1.0475,1.0314,1.0319
2022-11-16,1.0358,1.0437,1.0336,1.0358
2022-11-17,1.0395,1.0406,1.0309,1.0395
2022-11-18,1.0362,1.0396,1.0328,1.0362
2022-11-21,1.0331,1.0333,1.0227,1.0331
2022-11-22,1.0246,1.029,1.0243,1.0246
2022-11-23,1.0311,1.0382,1.0298,1.0311
2022-11-24,1.0416,1.0448,1.0384,1.0416
2022-11-25,1.0408,1.0429,1.0356,1.0408
2022-11-28,1.0368,1.0497,1.0342,1.0368
2022-11-29,1.0346,1.0394,1.0325,1.0346
2022-11-30,1.0324,1.0395,1.0292,1.0324
2022-12-01,1.0425,1.0531,1.0398,1.0425
2022-12-02,1.0528,1.0545,1.0434,1.0528
2022-12-05,1.0544,1.0594,1.0492,1.0544
2022-12-06,1.0497,1.0532,1.0477,1.0497
2022-12-07,1.0469,1.0546,1.0444,1.0469
2022-12-08,1.0513,1.0563,1.0492,1.0513
2022-12-09,1.056,1.0588,1.052,1.056
2022-12-12,1.0522,1.0579,1.0507,1.0522
2022-12-13,1.0542,1.0669,1.0529,1.0542
2022-12-14,1.0627,1.067,1.062,1.0627
2022-12-15,1.0676,1.0726,1.0607,1.0676
2022-12-16,1.0641,1.0663,1.0599,1.0641
2022-12-19,1.0585,1.0659,1.0577,1.0585
2022-12-20,1.0615,1.0656,1.0581,1.0615
2022-12-21,1.0627,1.0644,1.0597,1.0627
2022-12-22,1.061,1.0657,1.0584,1.061
2022-12-23,1.0603,1.0631,1.0588,1.0603
2022-12-26,1.0668,1.0637,1.0609,1.0668
2022-12-27,1.064,1.0669,1.0612,1.064
2022-12-28,1.0637,1.0674,1.0614,1.0637
2022-12-29,1.0629,1.067,1.0612,1.0629
2022-12-30,1.0661,1.0698,1.0639,1.0661
2023-01-02,1.071,1.0712,1.0653,1.071
2023-01-03,1.0678,1.0683,1.0522,1.0678
2023-01-04,1.0547,1.0632,1.0546,1.0547
2023-01-05,1.0606,1.0633,1.0516,1.0606
2023-01-06,1.0522,1.0622,1.0485,1.0522
2023-01-09,1.0656,1.076,1.0653,1.0656
2023-01-10,1.0733,1.0757,1.0713,1.0733
2023-01-11,1.0739,1.0775,1.0727,1.0739
2023-01-12,1.0766,1.0838,1.0738,1.0766
2023-01-13,1.086,1.0868,1.0781,1.086
2023-01-16,1.0825,1.0875,1.0803,1.0825
2023-01-17,1.083,1.0869,1.0787,1.083
2023-01-18,1.0793,1.0884,1.0767,1.0793
2023-01-19,1.0798,1.0833,1.0783,1.0798
2023-01-20,1.0834,1.0857,1.0805,1.0834
2023-01-23,1.0865,1.092,1.0848,1.0865
2023-01-24,1.0874,1.0897,1.0839,1.0874
2023-01-25,1.0888,1.0923,1.0858,1.0888
2023-01-26,1.0922,1.0933,1.0852,1.0922
2023-01-27,1.0894,1.0902,1.0839,1.0894
2023-01-30,1.0871,1.0915,1.0855,1.0871
2023-01-31,1.0851,1.0868,1.0804,1.0851
2023-02-01,1.0861,1.0924,1.0853,1.0861
2023-02-02,1.1013,1.1027,1.0888,1.1013
2023-02-03,1.0905,1.0941,1.0811,1.0905
2023-02-06,1.0791,1.08,1.0718,1.0791
2023-02-07,1.0731,1.0746,1.067,1.0731
2023-02-08,1.073,1.076,1.0717,1.073
2023-02-09,1.0716,1.079,1.0712,1.0716
2023-02-10,1.0742,1.0752,1.0669,1.0742
2023-02-13,1.0678,1.0725,1.0657,1.0678
2023-02-14,1.073,1.0798,1.071,1.073
2023-02-15,1.0736,1.0745,1.0666,1.0736
2023-02-16,1.0692,1.0722,1.0656,1.0692
2023-02-17,1.0666,1.0681,1.0614,1.0666
2023-02-20,1.0684,1.0705,1.0672,1.0684
2023-02-21,1.0683,1.0696,1.0645,1.0683
2023-02-22,1.0652,1.0666,1.0619,1.0652
2023-02-23,1.0606,1.063,1.0582,1.0606
2023-02-24,1.0598,1.0614,1.0538,1.0598
2023-02-27,1.0555,1.0619,1.0534,1.0555
2023-02-28,1.0611,1.0645,1.0582,1.0611
2023-03-01,1.0577,1.0691,1.0566,1.0577
2023-03-02,1.0669,1.0673,1.0583,1.0669
2023-03-03,1.06,1.0629,1.0591,1.06
2023-03-06,1.0626,1.0694,1.0623,1.0626
2023-03-07,1.0688,1.0696,1.0572,1.0688
2023-03-08,1.0551,1.0573,1.0527,1.0551
2023-03-09,1.055,1.0586,1.0539,1.055
2023-03-10,1.0585,1.0699,1.0576,1.0585
2023-03-13,1.0684,1.0737,1.0652,1.0684
2023-03-14,1.0725,1.0747,1.068,1.0725
2023-03-15,1.0728,1.076,1.052,1.0728
2023-03-16,1.0583,1.0635,1.0555,1.0583
2023-03-17,1.0614,1.067,1.0612,1.0614
2023-03-20,1.0679,1.0731,1.0632,1.0679
2023-03-21,1.0719,1.0787,1.0705,1.0719
2023-03-22,1.0774,1.0801,1.076,1.0774
2023-03-23,1.087,1.0929,1.0869,1.087
2023-03-24,1.0835,1.0839,1.0719,1.0835
2023-03-26,1.0778,1.0796,1.0748,1.0778
2023-03-27,1.0807,1.0849,1.0804,1.0807
2023-03-28,1.084,1.0872,1.0821,1.084
2023-03-29,1.0844,1.0924,1.0827,1.0844
2023-03-30,1.0905,1.0926,1.0861,1.0905
2023-04-02,1.0803,1.0916,1.0789,1.0803
2023-04-03,1.0912,1.0972,1.0884,1.0912
2023-04-04,1.096,1.0969,1.0905,1.096
2023-04-05,1.0903,1.093,1.0886,1.0903
2023-04-06,1.092,1.0925,1.0881,1.092
2023-04-09,1.0914,1.0918,1.0832,1.0914
2023-04-10,1.0869,1.0927,1.0868,1.0869
2023-04-11,1.0918,1.0999,1.0915,1.0918
2023-04-12,1.1,1.1069,1.0982,1.1
2023-04-13,1.1055,1.1075,1.0978,1.1055
2023-04-16,1.0987,1.0999,1.0911,1.0987
2023-04-17,1.0925,1.0983,1.0923,1.0925
2023-04-18,1.0975,1.0987,1.0918,1.0975
2023-04-19,1.0952,1.0989,1.0934,1.0952
2023-04-20,1.0971,1.0993,1.094,1.0971
2023-04-23,1.0992,1.1034,1.0969,1.0992
2023-04-24,1.1059,1.1068,1.0969,1.1059
2023-04-25,1.0978,1.1094,1.0969,1.0978
2023-04-26,1.1047,1.1066,1.0994,1.1047
2023-04-27,1.1032,1.1044,1.0966,1.1032
2023-04-30,1.1011,1.1036,1.0967,1.1011
2023-05-01,1.0969,1.1005,1.0944,1.0969
2023-05-02,1.1011,1.1058,1.1006,1.1011
2023-05-03,1.1069,1.1091,1.0987,1.1069
2023-05-04,1.1023,1.1048,1.0972,1.1023
2023-05-07,1.1019,1.1053,1.1012,1.1019
2023-05-08,1.0996,1.1001,1.0944,1.0996
2023-05-09,1.0965,1.1005,1.0943,1.0965
2023-05-10,1.0984,1.0999,1.0901,1.0984
2023-05-11,1.0912,1.0935,1.0856,1.0912
2023-05-14,1.0853,1.0892,1.0849,1.0853
2023-05-15,1.0874,1.0904,1.0857,1.0874
2023-05-16,1.0866,1.0875,1.0812,1.0866
2023-05-17,1.0838,1.085,1.0765,1.0838
2023-05-18,1.0775,1.0824,1.0761,1.0775
2023-05-21,1.0823,1.0831,1.0797,1.0823
2023-05-22,1.0811,1.0821,1.0764,1.0811
2023-05-23,1.077,1.0799,1.075,1.077
2023-05-24,1.0757,1.0754,1.071,1.0757
2023-05-25,1.0724,1.0758,1.0702,1.0724
2023-05-28,1.0723,1.0746,1.0706,1.0723
2023-05-29,1.0708,1.0746,1.0673,1.0708
2023-05-30,1.0733,1.0739,1.0652,1.0733
2023-05-31,1.0695,1.0754,1.0664,1.0695
2023-06-01,1.0761,1.0779,1.0718,1.0761
2023-06-04,1.0699,1.0723,1.0675,1.0699
2023-06-05,1.0712,1.0733,1.0667,1.0712
2023-06-06,1.0698,1.074,1.0669,1.0698
2023-06-07,1.0707,1.0783,1.0702,1.0707
2023-06-08,1.0783,1.0787,1.0748,1.0783
2023-06-11,1.0751,1.079,1.0734,1.0751
2023-06-12,1.0763,1.0823,1.0761,1.0763
2023-06-13,1.0789,1.0858,1.0776,1.0789
2023-06-14,1.0843,1.0939,1.0804,1.0843
2023-06-15,1.0946,1.0971,1.092,1.0946
2023-06-18,1.0942,1.0949,1.0911,1.0942
2023-06-19,1.0924,1.0945,1.0895,1.0924
2023-06-20,1.092,1.0961,1.0907,1.092
2023-06-21,1.0993,1.1011,1.0951,1.0993
2023-06-22,1.0959,1.0959,1.0845,1.0959
2023-06-25,1.0907,1.0922,1.0888,1.0907
2023-06-26,1.091,1.0976,1.0903,1.091
2023-06-27,1.0957,1.0963,1.09,1.0957
2023-06-28,1.0916,1.0941,1.0862,1.0916
2023-06-29,1.0868,1.0934,1.0836,1.0868
2023-07-02,1.0908,1.0931,1.0872,1.0908
2023-07-03,1.0913,1.0918,1.0891,1.0913
2023-07-04,1.0885,1.0906,1.0865,1.0885
2023-07-05,1.0857,1.0902,1.0834,1.0857
2023-07-06,1.0891,1.0965,1.0869,1.0891
2023-07-09,1.097,1.0993,1.0945,1.097
2023-07-10,1.1006,1.1026,1.0979,1.1006
2023-07-11,1.1014,1.1126,1.1013,1.1014
2023-07-12,1.1145,1.1196,1.1131,1.1145
2023-07-13,1.1223,1.1245,1.1206,1.1223
2023-07-16,1.1228,1.1251,1.1205,1.1228
2023-07-17,1.1238,1.1276,1.122,1.1238
2023-07-18,1.1229,1.124,1.1176,1.1229
2023-07-19,1.1205,1.123,1.1133,1.1205
2023-07-20,1.1137,1.1147,1.111,1.1137
2023-07-23,1.1125,1.1145,1.1069,1.1125
2023-07-24,1.1063,1.1089,1.1022,1.1063
2023-07-25,1.105,1.1086,1.1038,1.105
2023-07-26,1.1078,1.1152,1.0985,1.1078
2023-07-27,1.0979,1.1047,1.0947,1.0979
2023-07-30,1.1024,1.1045,1.1006,1.1024
2023-07-31,1.0998,1.1002,1.0954,1.0998
2023-08-01,1.1008,1.1007,1.092,1.1008
2023-08-02,1.0944,1.0954,1.0914,1.0944
2023-08-03,1.0952,1.1041,1.0936,1.0952
2023-08-06,1.1003,1.1012,1.0966,1.1003
2023-08-07,1.1003,1.101,1.0931,1.1003
2023-08-08,1.0959,1.0994,1.0956,1.0959
2023-08-09,1.0978,1.1058,1.0968,1.0978
2023-08-10,1.0982,1.1004,1.0952,1.0982
2023-08-13,1.0944,1.096,1.0877,1.0944
2023-08-14,1.091,1.095,1.0901,1.091
2023-08-15,1.0904,1.0935,1.0898,1.0904
2023-08-16,1.0875,1.0917,1.0862,1.0875
2023-08-17,1.0875,1.0896,1.0846,1.0875
2023-08-20,1.0876,1.0914,1.0871,1.0876
2023-08-21,1.0898,1.0932,1.0834,1.0898
2023-08-22,1.0847,1.0871,1.0803,1.0847
2023-08-23,1.0866,1.0877,1.0815,1.0866
2023-08-24,1.0799,1.084,1.0767,1.0799
2023-08-27,1.0797,1.0821,1.0799,1.0797
2023-08-28,1.0826,1.0857,1.0784,1.0826
2023-08-29,1.0869,1.0945,1.0856,1.0869
2023-08-30,1.0933,1.094,1.0837,1.0933
2023-08-31,1.0844,1.0881,1.0786,1.0844
2023-09-03,1.0776,1.0809,1.0774,1.0776
2023-09-04,1.0794,1.0799,1.0708,1.0794
2023-09-05,1.0726,1.0748,1.0705,1.0726
2023-09-06,1.0724,1.0734,1.0688,1.0724
2023-09-07,1.0698,1.0742,1.0695,1.0698
2023-09-10,1.0718,1.0757,1.0711,1.0718
2023-09-11,1.075,1.0763,1.0706,1.075
2023-09-12,1.0753,1.0765,1.0717,1.0753
2023-09-13,1.0734,1.0755,1.0655,1.0734
2023-09-14,1.0637,1.0688,1.0635,1.0637
2023-09-17,1.0668,1.0698,1.0656,1.0668
2023-09-18,1.0693,1.0719,1.0676,1.0693
2023-09-19,1.0682,1.0727,1.0676,1.0682
2023-09-20,1.0653,1.0674,1.0619,1.0653
2023-09-21,1.0662,1.0672,1.0615,1.0662
2023-09-24,1.0648,1.0655,1.0577,1.0648
2023-09-25,1.0592,1.0609,1.0568,1.0592
2023-09-26,1.0569,1.0574,1.0509,1.0569
2023-09-27,1.0505,1.0579,1.0492,1.0505
2023-09-28,1.0562,1.0618,1.0559,1.0562
2023-10-01,1.0565,1.0591,1.0493,1.0565
2023-10-02,1.0481,1.0494,1.045,1.0481
2023-10-03,1.0472,1.0532,1.0454,1.0472
2023-10-04,1.0507,1.0537,1.0501,1.0507
2023-10-05,1.0547,1.0598,1.0484,1.0547
2023-10-08,1.0567,1.0576,1.0521,1.0567
2023-10-09,1.0579,1.062,1.0556,1.0579
2023-10-10,1.0605,1.0634,1.0593,1.0605
2023-10-11,1.0624,1.0639,1.0546,1.0624
2023-10-12,1.0537,1.0559,1.0496,1.0537
2023-10-15,1.0522,1.0555,1.0516,1.0522
2023-10-16,1.0554,1.0595,1.0533,1.0554
2023-10-17,1.0573,1.0595,1.0527,1.0573
2023-10-18,1.0539,1.0585,1.0529,1.0539
2023-10-19,1.0586,1.0601,1.0566,1.0586
2023-10-22,1.059,1.0647,1.0572,1.059
2023-10-23,1.067,1.069,1.0584,1.067
2023-10-24,1.0595,1.0607,1.0567,1.0595
2023-10-25,1.0567,1.057,1.0526,1.0567
2023-10-26,1.0564,1.0598,1.0536,1.0564
2023-10-30,1.0562,1.0626,1.0548,1.0562
2023-10-31,1.0615,1.0669,1.0568,1.0615
2023-11-01,1.0579,1.0581,1.0523,1.0579
2023-11-02,1.0587,1.067,1.0584,1.0587
2023-11-03,1.0619,1.0737,1.0615,1.0619
2023-11-06,1.0732,1.0757,1.0723,1.0732
2023-11-07,1.0722,1.0722,1.0665,1.0722
2023-11-08,1.0696,1.0716,1.0661,1.0696
2023-11-09,1.071,1.0728,1.0681,1.071
2023-11-10,1.0668,1.0693,1.0658,1.0668
2023-11-13,1.069,1.0705,1.0666,1.069
2023-11-14,1.0702,1.0867,1.0694,1.0702
2023-11-15,1.0878,1.0887,1.0833,1.0878
2023-11-16,1.0855,1.0894,1.0831,1.0855
2023-11-17,1.0854,1.0892,1.0825,1.0854
2023-11-20,1.0907,1.0945,1.0898,1.0907
2023-11-21,1.0946,1.0967,1.0923,1.0946
2023-11-22,1.0918,1.0923,1.0855,1.0918
2023-11-23,1.0891,1.0927,1.0888,1.0891
2023-11-24,1.0906,1.0944,1.0896,1.0906
2023-11-27,1.094,1.0959,1.0926,1.094
2023-11-28,1.0958,1.1007,1.0935,1.0958
2023-11-29,1.1006,1.1017,1.0961,1.1006
2023-11-30,1.0974,1.0985,1.0895,1.0974
2023-12-01,1.0892,1.0913,1.0832,1.0892
2023-12-04,1.0888,1.0887,1.0806,1.0888
2023-12-05,1.0838,1.0848,1.0783,1.0838
2023-12-06,1.0794,1.0804,1.0773,1.0794
2023-12-07,1.0767,1.0797,1.0758,1.0767
2023-12-08,1.0792,1.0801,1.0731,1.0792
2023-12-11,1.0766,1.0779,1.0743,1.0766
2023-12-12,1.0767,1.0822,1.0762,1.0767
2023-12-13,1.0799,1.0808,1.0774,1.0799
2023-12-14,1.0886,1.1004,1.088,1.0886
2023-12-15,1.0994,1.1006,1.0902,1.0994
2023-12-18,1.0895,1.093,1.0895,1.0895
2023-12-19,1.0924,1.0988,1.0916,1.0924
2023-12-20,1.0981,1.098,1.0936,1.0981
2023-12-21,1.0946,1.1,1.0936,1.0946
2023-12-22,1.1006,1.1041,1.0994,1.1006
2023-12-25,1.1027,1.1042,1.1,1.1027
2023-12-26,1.102,1.104,1.101,1.102
2023-12-27,1.1043,1.1122,1.1029,1.1043
2023-12-28,1.1109,1.1139,1.1071,1.1109
2023-12-29,1.1068,1.1086,1.1043,1.1068
2024-01-01,1.1056,1.1053,1.104,1.1056
2024-01-02,1.1039,1.1046,1.0942,1.1039
2024-01-03,1.0942,1.0967,1.0899,1.0942
2024-01-04,1.0928,1.097,1.0917,1.0928
2024-01-05,1.0947,1.0996,1.088,1.0947
2024-01-08,1.0942,1.0978,1.0925,1.0942
2024-01-09,1.0952,1.0967,1.0913,1.0952
2024-01-10,1.0932,1.097,1.0923,1.0932
2024-01-11,1.0975,1.0991,1.0931,1.0975
2024-01-12,1.0982,1.0987,1.0937,1.0982
2024-01-15,1.0946,1.0959,1.0934,1.0946
2024-01-16,1.0946,1.0947,1.0867,1.0946
2024-01-17,1.0879,1.0885,1.0845,1.0879
2024-01-18,1.0886,1.0908,1.0849,1.0886
2024-01-19,1.0879,1.0893,1.0868,1.0879
2024-01-22,1.0892,1.091,1.088,1.0892
2024-01-23,1.088,1.0918,1.0824,1.088
2024-01-24,1.0858,1.0931,1.0852,1.0858
2024-01-25,1.0882,1.09,1.0826,1.0882
2024-01-26,1.0847,1.0883,1.0813,1.0847
2024-01-29,1.0844,1.085,1.0797,1.0844
2024-01-30,1.0834,1.0856,1.0813,1.0834
2024-01-31,1.0843,1.0886,1.0808,1.0843
2024-02-01,1.0804,1.0866,1.078,1.0804
2024-02-02,1.0875,1.0898,1.0783,1.0875
2024-02-05,1.078,1.0787,1.0725,1.078
2024-02-06,1.0742,1.0763,1.0725,1.0742
2024-02-07,1.0757,1.0784,1.0756,1.0757
2024-02-08,1.0776,1.079,1.0743,1.0776
2024-02-09,1.0777,1.0794,1.0764,1.0777
2024-02-12,1.0798,1.0805,1.0758,1.0798
2024-02-13,1.0772,1.0796,1.0702,1.0772
2024-02-14,1.0709,1.0734,1.0696,1.0709
2024-02-15,1.0732,1.0786,1.0725,1.0732
2024-02-16,1.0774,1.0781,1.0734,1.0774
2024-02-19,1.0784,1.079,1.0763,1.0785
2024-02-20,1.0775,1.0839,1.0763,1.0775
2024-02-21,1.0813,1.0823,1.0792,1.0813
2024-02-22,1.082,1.0886,1.0805,1.082
2024-02-23,1.0826,1.0839,1.0814,1.0826
2024-02-26,1.082,1.0859,1.0813,1.082
2024-02-27,1.0851,1.0866,1.0834,1.0851
2024-02-28,1.0845,1.0847,1.0799,1.0845
2024-02-29,1.0839,1.0856,1.0806,1.0839
2024-03-01,1.0805,1.0842,1.0799,1.0805
2024-03-04,1.0843,1.0866,1.0839,1.0843
2024-03-05,1.0855,1.0875,1.0843,1.0855
2024-03-06,1.0856,1.0914,1.0843,1.0856
2024-03-07,1.09,1.0941,1.0869,1.09
2024-03-08,1.095,1.0978,1.0927,1.095
2024-03-11,1.0943,1.0951,1.0915,1.0943
2024-03-12,1.0931,1.0942,1.0903,1.0931
2024-03-13,1.0928,1.0949,1.092,1.0928
2024-03-14,1.0955,1.0955,1.0884,1.0955
2024-03-15,1.0883,1.0902,1.0874,1.0883
2024-03-18,1.0883,1.0908,1.0881,1.0883
2024-03-19,1.0874,1.0878,1.0835,1.0874
2024-03-20,1.0863,1.0874,1.0837,1.0863
2024-03-21,1.0937,1.0945,1.0856,1.0937
2024-03-22,1.0862,1.087,1.0809,1.0862
2024-03-25,1.0808,1.0844,1.0803,1.0808
2024-03-26,1.0838,1.0864,1.0826,1.0838
2024-03-27,1.0832,1.0839,1.0812,1.0832
2024-03-28,1.0813,1.0828,1.0776,1.0813
2024-03-29,1.0794,1.0807,1.0769,1.0794
2024-03-31,1.0793,1.0801,1.0732,1.0793
2024-04-01,1.0737,1.0779,1.0725,1.0737
2024-04-02,1.0769,1.0832,1.0765,1.0769
2024-04-03,1.0838,1.0876,1.0835,1.0838
2024-04-04,1.0837,1.0848,1.0792,1.0837
2024-04-07,1.083,1.0858,1.0822,1.083
2024-04-08,1.0864,1.0889,1.085,1.0864
2024-04-09,1.0859,1.0868,1.0734,1.0859
2024-04-10,1.0742,1.0756,1.07,1.0742
2024-04-11,1.0727,1.073,1.0624,1.0727
2024-04-14,1.065,1.0666,1.0624,1.065
2024-04-15,1.0626,1.0654,1.0604,1.0626
2024-04-16,1.0621,1.0653,1.0608,1.0621
2024-04-17,1.0669,1.0692,1.0648,1.0669
2024-04-18,1.0644,1.068,1.0612,1.0644
2024-04-21,1.0658,1.0671,1.0625,1.0658
2024-04-22,1.0654,1.071,1.0639,1.0654
2024-04-23,1.0704,1.0716,1.0679,1.0704
2024-04-24,1.07,1.0732,1.0679,1.07
2024-04-25,1.073,1.0753,1.0676,1.073
2024-04-28,1.0707,1.0735,1.0691,1.0707
2024-04-29,1.0716,1.0737,1.0684,1.0716
2024-04-30,1.0667,1.0689,1.065,1.0667
2024-05-01,1.0722,1.0731,1.0676,1.0722
2024-05-02,1.0733,1.0809,1.0725,1.0733
2024-05-05,1.0758,1.0792,1.0756,1.0758
2024-05-06,1.0768,1.079,1.0756,1.0768
2024-05-07,1.075,1.0758,1.0736,1.075
2024-05-08,1.0747,1.0783,1.0725,1.0747
2024-05-09,1.0785,1.0793,1.0762,1.0785
2024-05-12,1.077,1.0807,1.0766,1.077
2024-05-13,1.0794,1.0828,1.0776,1.0794
2024-05-14,1.0815,1.0874,1.0814,1.0815
2024-05-15,1.089,1.0897,1.0855,1.089
2024-05-16,1.0868,1.0879,1.0836,1.0868
2024-05-19,1.0875,1.0885,1.0855,1.0875
2024-05-20,1.0861,1.0875,1.0846,1.0861
2024-05-21,1.0855,1.0865,1.0823,1.0855
2024-05-22,1.0825,1.0861,1.0813,1.0825
2024-05-23,1.0813,1.0857,1.0806,1.0813
2024-05-26,1.0848,1.0867,1.0842,1.0848
2024-05-27,1.0862,1.0889,1.0859,1.0862
2024-05-28,1.0852,1.0859,1.081,1.0852
2024-05-29,1.0802,1.0846,1.0789,1.0802
2024-05-30,1.0835,1.0883,1.0812,1.0835
2024-06-02,1.0853,1.0891,1.0828,1.0853
2024-06-03,1.0907,1.0918,1.0861,1.0907
2024-06-04,1.0882,1.089,1.0861,1.0882
2024-06-05,1.0875,1.0899,1.0864,1.0875
2024-06-06,1.0894,1.0902,1.0805,1.0894
2024-06-09,1.0779,1.0783,1.0734,1.0779
2024-06-10,1.0764,1.0774,1.0721,1.0764
2024-06-11,1.074,1.0852,1.0735,1.074
2024-06-12,1.0813,1.0818,1.0754,1.0813
2024-06-13,1.0739,1.0746,1.0668,1.0739
2024-06-16,1.0702,1.0726,1.0688,1.0702
2024-06-17,1.0741,1.0761,1.0711,1.0741
2024-06-18,1.0742,1.0753,1.0726,1.0742
2024-06-19,1.0752,1.075,1.0708,1.0752
2024-06-20,1.0706,1.0723,1.0672,1.0706
2024-06-23,1.0688,1.0747,1.0684,1.0688
2024-06-24,1.0733,1.0746,1.0692,1.0733
2024-06-25,1.071,1.072,1.0668,1.071
2024-06-26,1.068,1.0726,1.0678,1.068
2024-06-27,1.0708,1.0721,1.0686,1.0708
2024-06-30,1.0735,1.0778,1.0721,1.0735
2024-07-01,1.0737,1.0746,1.0711,1.0737
2024-07-02,1.0748,1.0816,1.0737,1.0748
2024-07-03,1.0793,1.0817,1.0784,1.0793
2024-07-04,1.0811,1.0838,1.0811,1.0811
2024-07-07,1.0826,1.0847,1.0815,1.0826
2024-07-08,1.0831,1.0834,1.0806,1.0831
2024-07-09,1.0815,1.0829,1.0812,1.0815
2024-07-10,1.0833,1.0898,1.0833,1.0833
2024-07-11,1.0873,1.0911,1.0863,1.0873
2024-07-14,1.0886,1.0922,1.0884,1.0886
2024-07-15,1.0902,1.0906,1.0872,1.0902
2024-07-16,1.0903,1.0947,1.0896,1.0903
2024-07-17,1.094,1.0942,1.0905,1.094
2024-07-18,1.0902,1.0902,1.0877,1.0902
2024-07-21,1.0899,1.0902,1.0874,1.0899
2024-07-22,1.089,1.09,1.0844,1.089
2024-07-23,1.0851,1.0866,1.0827,1.0851
2024-07-24,1.084,1.0864,1.0829,1.084
2024-07-25,1.0851,1.0869,1.0843,1.0851
2024-07-28,1.0854,1.0872,1.0803,1.0854
2024-07-29,1.0819,1.0838,1.08,1.0819
2024-07-30,1.0816,1.0852,1.0809,1.0816
2024-07-31,1.0824,1.0838,1.0778,1.0824
2024-08-01,1.0788,1.0926,1.0783,1.0788
2024-08-04,1.0911,1.1007,1.0894,1.0911
2024-08-05,1.0951,1.0963,1.0905,1.0951
2024-08-06,1.0926,1.0936,1.0907,1.0926
2024-08-07,1.0928,1.0947,1.0882,1.0928
2024-08-08,1.0916,1.0931,1.091,1.0916
2024-08-11,1.0914,1.094,1.0913,1.0914
2024-08-12,1.0936,1.0963,1.0916,1.0936
2024-08-13,1.0997,1.1049,1.0988,1.0997
2024-08-14,1.1013,1.1017,1.0951,1.1013
2024-08-15,1.0973,1.1004,1.0974,1.0973
2024-08-18,1.1025,1.1073,1.1024,1.1025
2024-08-19,1.1086,1.1117,1.1072,1.1086
2024-08-20,1.1128,1.1148,1.1106,1.1128
2024-08-21,1.1155,1.1157,1.1099,1.1155
2024-08-22,1.1117,1.1196,1.1107,1.1117
2024-08-25,1.1188,1.1201,1.1153,1.1188
2024-08-26,1.1165,1.118,1.1151,1.1165
2024-08-27,1.1178,1.1182,1.1105,1.1178
2024-08-28,1.1125,1.114,1.1056,1.1125
2024-08-29,1.108,1.1096,1.1054,1.108
2024-09-01,1.1045,1.1078,1.1043,1.1045
2024-09-02,1.1067,1.1071,1.1034,1.1067
2024-09-03,1.1049,1.1094,1.1041,1.1049
2024-09-04,1.108,1.1121,1.1075,1.108
2024-09-05,1.1111,1.115,1.1067,1.1111
2024-09-08,1.1087,1.1091,1.1035,1.1087
2024-09-09,1.1038,1.105,1.1016,1.1038
2024-09-10,1.1021,1.1055,1.1003,1.1021
2024-09-11,1.1011,1.1048,1.1007,1.1011
2024-09-12,1.1078,1.1102,1.1074,1.1078
2024-09-15,1.1088,1.1135,1.1087,1.1088
2024-09-16,1.113,1.1146,1.1113,1.113
2024-09-17,1.1123,1.1141,1.1109,1.1123
2024-09-18,1.1115,1.1181,1.1071,1.1115
2024-09-19,1.1162,1.1182,1.1137,1.1162
2024-09-22,1.1161,1.1168,1.1085,1.1161
2024-09-23,1.1112,1.1163,1.1104,1.1112
2024-09-24,1.1191,1.1212,1.1142,1.1191
2024-09-25,1.1131,1.119,1.1127,1.1131
2024-09-26,1.1177,1.12,1.1127,1.1177
2024-09-29,1.117,1.1208,1.1136,1.117
2024-09-30,1.1137,1.1146,1.1061,1.1137
2024-10-01,1.1064,1.1082,1.1034,1.1064
2024-10-02,1.1049,1.1049,1.101,1.1049
2024-10-03,1.1036,1.104,1.0956,1.1036
2024-10-06,1.0975,1.0985,1.0956,1.0975
2024-10-07,1.0976,1.0997,1.0962,1.0976
2024-10-08,1.0976,1.0981,1.0941,1.0976
2024-10-09,1.0943,1.0954,1.0914,1.0943
2024-10-10,1.0934,1.0954,1.0927,1.0934
2024-10-13,1.0925,1.094,1.0906,1.0925
2024-10-14,1.0909,1.0918,1.0886,1.0909
2024-10-15,1.0884,1.0902,1.0868,1.0884
2024-10-16,1.0862,1.087,1.0814,1.0862
2024-10-17,1.083,1.0864,1.0828,1.083
2024-10-20,1.0869,1.087,1.0821,1.0869
2024-10-21,1.0818,1.0838,1.0802,1.0818
2024-10-22,1.0797,1.0808,1.0763,1.0797
2024-10-23,1.0781,1.081,1.0772,1.0781
2024-10-24,1.0824,1.0842,1.0812,1.0824
2024-10-28,1.0797,1.0827,1.0783,1.0797
2024-10-29,1.0817,1.0826,1.077,1.0817
2024-10-30,1.0821,1.0867,1.081,1.0821
2024-10-31,1.0859,1.0888,1.0845,1.0859
2024-11-01,1.0886,1.0904,1.0848,1.0886
2024-11-04,1.0875,1.0916,1.087,1.0875
2024-11-05,1.0874,1.0922,1.0873,1.0874
2024-11-06,1.0934,1.0933,1.0684,1.0934
2024-11-07,1.0733,1.0826,1.0714,1.0733
2024-11-08,1.0795,1.0797,1.071,1.0795
2024-11-11,1.0715,1.0728,1.0629,1.0715
2024-11-12,1.0664,1.0663,1.0597,1.0664
2024-11-13,1.0617,1.0649,1.056,1.0617
2024-11-14,1.0564,1.0581,1.0499,1.0564
2024-11-15,1.053,1.0592,1.0524,1.053
2024-11-18,1.0534,1.0586,1.0531,1.0534
2024-11-19,1.0595,1.0601,1.0529,1.0595
2024-11-20,1.0608,1.0612,1.0509,1.0608
2024-11-21,1.0546,1.0557,1.0469,1.0546
2024-11-22,1.0469,1.0499,1.034,1.0469
2024-11-25,1.048,1.053,1.045,1.048
2024-11-26,1.0444,1.0544,1.0427,1.0444
2024-11-27,1.0491,1.0583,1.0475,1.0491
2024-11-28,1.0562,1.0565,1.0529,1.0562
2024-11-29,1.0563,1.0595,1.0543,1.0563
2024-12-02,1.0546,1.0546,1.0462,1.0545
2024-12-03,1.0501,1.053,1.0482,1.0501
2024-12-04,1.0511,1.054,1.0474,1.0511
2024-12-05,1.0514,1.0588,1.0509,1.0514
2024-12-06,1.0586,1.0626,1.0546,1.0586
2024-12-09,1.0565,1.0593,1.0533,1.0565
2024-12-10,1.0555,1.0567,1.05,1.0555
2024-12-11,1.0533,1.0541,1.0482,1.0533
2024-12-12,1.0507,1.053,1.0465,1.0507
2024-12-13,1.0474,1.0523,1.0454,1.0474
2024-12-16,1.051,1.0524,1.0475,1.051
2024-12-17,1.0517,1.0533,1.048,1.0517
2024-12-18,1.0495,1.0515,1.0468,1.0495
2024-12-19,1.035,1.0422,1.0353,1.035
2024-12-20,1.0365,1.0433,1.0344,1.0365
2024-12-23,1.0433,1.0448,1.0386,1.0433
2024-12-24,1.0406,1.0411,1.0387,1.0406
2024-12-25,1.0403,1.0433,1.0401,1.0403
2024-12-26,1.04,1.0425,1.0391,1.04
2024-12-27,1.0423,1.0445,1.0407,1.0423
2024-12-30,1.0429,1.0459,1.0374,1.0429
2024-12-31,1.0406,1.0424,1.0349,1.0406
2025-01-02,1.0352,1.0376,1.0232,1.0352
2025-01-03,1.0268,1.0305,1.0265,1.0268
2025-01-06,1.0305,1.0435,1.0296,1.0305
2025-01-07,1.0386,1.0436,1.0359,1.0386
2025-01-08,1.0346,1.0358,1.0277,1.0346
2025-01-09,1.0315,1.0323,1.0286,1.0315
2025-01-10,1.0298,1.0312,1.0221,1.0298
2025-01-13,1.0244,1.025,1.0184,1.0244
2025-01-14,1.0265,1.0304,1.024,1.0265
2025-01-15,1.0307,1.035,1.0271,1.0307
2025-01-16,1.0295,1.0312,1.0264,1.0295
2025-01-17,1.0302,1.033,1.0267,1.0302
2025-01-20,1.0277,1.0427,1.0279,1.0277
2025-01-21,1.0421,1.0434,1.0345,1.0421
2025-01-22,1.0406,1.0458,1.0401,1.0406
2025-01-23,1.041,1.0425,1.0386,1.041
2025-01-24,1.0416,1.0519,1.0413,1.0416
2025-01-27,1.0468,1.0534,1.0454,1.0468
2025-01-28,1.0445,1.0456,1.0415,1.0445
2025-01-29,1.0429,1.0445,1.0383,1.0429
2025-01-30,1.0425,1.0466,1.0391,1.0425
2025-01-31,1.0397,1.0412,1.0362,1.0397
2025-02-03,1.0248,1.0327,1.0213,1.0248
2025-02-04,1.0327,1.0387,1.0277,1.0327
2025-02-05,1.0373,1.0436,1.037,1.0373
2025-02-06,1.0401,1.0405,1.0355,1.0401
2025-02-07,1.0386,1.0406,1.0325,1.0386
2025-02-10,1.0312,1.0336,1.03,1.0312
2025-02-11,1.0302,1.0352,1.0293,1.0302
2025-02-12,1.0365,1.0396,1.0318,1.0365
2025-02-13,1.0392,1.0446,1.0379,1.0392
2025-02-14,1.0462,1.0514,1.0448,1.0462
2025-02-17,1.0489,1.0507,1.0467,1.0489
2025-02-18,1.0485,1.0486,1.0443,1.0485
2025-02-19,1.0448,1.0462,1.0405,1.0448
2025-02-20,1.0421,1.0479,1.042,1.0421
2025-02-21,1.0501,1.0508,1.045,1.0501
2025-02-24,1.0475,1.0529,1.0454,1.0475
2025-02-25,1.0461,1.0518,1.0458,1.0461
2025-02-26,1.0524,1.0527,1.0476,1.0524
2025-02-27,1.0489,1.049,1.0405,1.0489
2025-02-28,1.0395,1.0421,1.0382,1.0395
2025-03-03,1.0414,1.05,1.039,1.0414
2025-03-04,1.0485,1.056,1.0472,1.0485
2025-03-05,1.0627,1.0786,1.0603,1.0627
2025-03-06,1.0795,1.0851,1.0782,1.0795
2025-03-07,1.0788,1.0886,1.0782,1.0788
2025-03-10,1.0861,1.0873,1.0806,1.0861
2025-03-11,1.0839,1.093,1.0837,1.0839
2025-03-12,1.0914,1.0935,1.0877,1.0914
2025-03-13,1.0886,1.0899,1.0823,1.0886
2025-03-14,1.0856,1.091,1.0831,1.0856
2025-03-17,1.0881,1.0929,1.0869,1.0881
2025-03-18,1.0919,1.0954,1.0897,1.0919
2025-03-19,1.0939,1.0946,1.0876,1.0939
2025-03-20,1.0912,1.0918,1.0818,1.0912
2025-03-21,1.0857,1.0861,1.0806,1.0857
2025-03-24,1.0836,1.0857,1.0791,1.0836
2025-03-25,1.0804,1.0831,1.0779,1.0804
2025-03-26,1.0787,1.0802,1.0769,1.0787
2025-03-27,1.0742,1.0819,1.0742,1.0742
2025-03-28,1.0801,1.0845,1.0766,1.0801
2025-03-30,1.0824,1.0848,1.0786,1.0824
2025-03-31,1.0819,1.0831,1.078,1.0819
2025-04-01,1.0796,1.0873,1.0782,1.0796
2025-04-02,1.0909,1.1133,1.0882,1.0909
2025-04-03,1.1044,1.1108,1.0965,1.1044
2025-04-06,1.0985,1.105,1.0903,1.0985
2025-04-07,1.0915,1.0992,1.0892,1.0915
2025-04-08,1.098,1.1095,1.0972,1.098
2025-04-09,1.0952,1.1225,1.0953,1.0952
2025-04-10,1.1258,1.1472,1.1251,1.1258
2025-04-13,1.1343,1.1425,1.13,1.1343
2025-04-14,1.134,1.1378,1.1286,1.134
2025-04-15,1.1293,1.139,1.1294,1.1293
2025-04-16,1.1397,1.1396,1.1341,1.1397
2025-04-21,1.1513,1.1547,1.1454,1.1513
2025-04-22,1.1351,1.144,1.1338,1.1351
2025-04-23,1.1327,1.1394,1.1322,1.1327
2025-04-24,1.1372,1.1384,1.1316,1.1372
2025-04-27,1.1343,1.1408,1.1331,1.1343
2025-04-28,1.1409,1.142,1.1371,1.1409
2025-04-29,1.1389,1.1399,1.1327,1.1389
2025-04-30,1.1325,1.1341,1.1267,1.1325
2025-05-01,1.1296,1.1379,1.1275,1.1296
2025-05-04,1.1323,1.1365,1.1313,1.1323
2025-05-05,1.1313,1.1361,1.1281,1.1313
2025-05-06,1.1343,1.1378,1.1327,1.1343
2025-05-07,1.1306,1.1337,1.1236,1.1306
2025-05-08,1.1224,1.1291,1.12,1.1224
2025-05-11,1.123,1.1243,1.1075,1.123
2025-05-12,1.1096,1.1177,1.1097,1.1096
2025-05-13,1.1186,1.1265,1.1182,1.1186
2025-05-14,1.1182,1.1228,1.1175,1.1182
2025-05-15,1.1193,1.122,1.1141,1.1193
2025-05-18,1.1188,1.1286,1.1174,1.1188
2025-05-19,1.1233,1.1277,1.1219,1.1233
2025-05-20,1.1288,1.1362,1.1287,1.1288
2025-05-21,1.1331,1.1345,1.1267,1.1331
2025-05-22,1.1282,1.1377,1.128,1.1282
2025-05-25,1.1373,1.1419,1.1369,1.1373
2025-05-26,1.1388,1.1409,1.1325,1.1388
2025-05-27,1.1337,1.1346,1.1284,1.1337
2025-05-28,1.1234,1.1369,1.1227,1.1234
2025-05-29,1.1378,1.139,1.1314,1.1378
2025-06-01,1.1353,1.1449,1.1356,1.1353
2025-06-02,1.1453,1.1455,1.1368,1.1453
2025-06-03,1.1384,1.1435,1.1359,1.1384
2025-06-04,1.1422,1.1494,1.1406,1.1422
2025-06-05,1.1454,1.1459,1.1372,1.1454
2025-06-08,1.1408,1.144,1.1388,1.1408
2025-06-09,1.1428,1.1448,1.1375,1.1428
2025-06-10,1.1437,1.1491,1.1406,1.1437
2025-06-11,1.1509,1.1629,1.1503,1.1509
2025-06-12,1.16,1.1612,1.1493,1.16
2025-06-15,1.1557,1.1615,1.1525,1.1557
2025-06-16,1.1551,1.1574,1.1513,1.1551
2025-06-17,1.1483,1.153,1.1482,1.1483
2025-06-18,1.1477,1.1487,1.1448,1.1477
2025-06-19,1.1513,1.1535,1.1496,1.1513
2025-06-22,1.1501,1.1552,1.1456,1.1501
2025-06-23,1.1599,1.1636,1.1583,1.1599
2025-06-24,1.1612,1.1631,1.1591,1.1612
2025-06-25,1.1684,1.1743,1.1669,1.1684
2025-06-26,1.1692,1.1751,1.1684,1.1692
2025-06-29,1.1727,1.1772,1.1709,1.1727
2025-06-30,1.1787,1.183,1.1768,1.1787
2025-07-01,1.1806,1.181,1.1749,1.1806
2025-07-02,1.18,1.1813,1.1721,1.18
2025-07-03,1.1771,1.1787,1.1757,1.1771
2025-07-06,1.1781,1.179,1.1719,1.1781
2025-07-07,1.1737,1.1765,1.1685,1.1737
2025-07-08,1.1725,1.1729,1.1691,1.1725
2025-07-09,1.1731,1.1751,1.1666,1.1731
2025-07-10,1.1703,1.1714,1.1666,1.1703
2025-07-13,1.1682,1.1699,1.1657,1.1682
2025-07-14,1.1666,1.1692,1.1602,1.1666
2025-07-15,1.1607,1.1717,1.1564,1.1607
2025-07-16,1.1636,1.1636,1.1569,1.1636
2025-07-17,1.1615,1.167,1.1613,1.1615
2025-07-20,1.1631,1.1717,1.1615,1.1631
2025-07-21,1.1695,1.1749,1.168,1.1695
2025-07-22,1.1739,1.1753,1.1712,1.1739
2025-07-23,1.1774,1.1788,1.1733,1.1774
2025-07-24,1.1756,1.1761,1.1707,1.1756
2025-07-27,1.1757,1.1771,1.161,1.1757
2025-07-28,1.1597,1.1601,1.152,1.1597
2025-07-29,1.1551,1.1573,1.1459,1.1551
2025-07-30,1.1429,1.146,1.1407,1.1429
2025-07-31,1.1424,1.1583,1.1395,1.1424
2025-08-03,1.1587,1.1589,1.1551,1.1587
2025-08-04,1.1584,1.1588,1.153,1.1584
2025-08-05,1.1579,1.1646,1.1565,1.1579
2025-08-06,1.1663,1.1695,1.1614,1.1663
2025-08-07,1.1677,1.1679,1.1631,1.1677
2025-08-10,1.1648,1.1677,1.1591,1.1648
2025-08-11,1.1618,1.1695,1.1599,1.1618
2025-08-12,1.1677,1.1731,1.1672,1.1677
2025-08-13,1.1713,1.1716,1.1638,1.1713
2025-08-14,1.1651,1.1715,1.1648,1.1651
2025-08-17,1.1707,1.1711,1.1662,1.1707
2025-08-18,1.1668,1.1693,1.1641,1.1668
2025-08-19,1.1643,1.1673,1.1624,1.1643
2025-08-20,1.1652,1.1662,1.1603,1.1652
2025-08-21,1.1613,1.173,1.1584,1.1613
2025-08-24,1.171,1.172,1.1667,1.171
2025-08-25,1.1618,1.1665,1.1603,1.1618
2025-08-26,1.1639,1.1643,1.1575,1.1639
2025-08-27,1.1648,1.1688,1.163,1.1648
2025-08-28,1.1682,1.1707,1.1654,1.1682
2025-08-31,1.1692,1.1736,1.1689,1.1692
2025-09-01,1.1716,1.1716,1.1613,1.1716
2025-09-02,1.1636,1.1682,1.161,1.1636
2025-09-03,1.166,1.1668,1.1632,1.166
2025-09-04,1.1657,1.1759,1.1653,1.1657
2025-09-07,1.1713,1.1756,1.1706,1.1713
2025-09-08,1.1769,1.178,1.1719,1.1769
2025-09-09,1.1703,1.173,1.1689,1.1703
2025-09-10,1.1703,1.1746,1.1669,1.1703
2025-09-11,1.1735,1.1748,1.1703,1.1735
2025-09-14,1.1726,1.1774,1.1717,1.1726
2025-09-15,1.1764,1.1853,1.1758,1.1764
2025-09-16,1.1871,1.1873,1.1834,1.1871
2025-09-17,1.1826,1.1848,1.1751,1.1826
2025-09-18,1.1791,1.1794,1.173,1.1791
2025-09-21,1.1737,1.1787,1.1727,1.1737
2025-09-22,1.1801,1.182,1.1782,1.1801
2025-09-23,1.1814,1.1817,1.1731,1.1814
2025-09-24,1.1745,1.1754,1.1668,1.1745
2025-09-25,1.1663,1.1702,1.1659,1.1663
2025-09-28,1.1708,1.1755,1.1705,1.1708
2025-09-29,1.1731,1.1759,1.1713,1.1731
2025-09-30,1.1736,1.1779,1.1717,1.1736
2025-10-01,1.1734,1.1759,1.1686,1.1734
2025-10-02,1.1725,1.1757,1.1716,1.1725
2025-10-05,1.1712,1.1732,1.1654,1.1712
2025-10-06,1.171,1.1711,1.1655,1.171
2025-10-07,1.1655,1.1653,1.1604,1.1655
2025-10-08,1.1632,1.165,1.1549,1.1632
2025-10-09,1.1566,1.163,1.1561,1.1566
2025-10-12,1.1602,1.163,1.1559,1.1602
2025-10-13,1.1567,1.1607,1.1545,1.1567
2025-10-14,1.1602,1.1648,1.1603,1.1602
2025-10-15,1.1646,1.1678,1.1643,1.1646
2025-10-16,1.17,1.1728,1.1658,1.17
2025-10-19,1.1657,1.1677,1.1645,1.1657
2025-10-20,1.1644,1.1656,1.1599,1.1644
2025-10-21,1.16,1.1617,1.1578,1.16
2025-10-22,1.1608,1.1621,1.1586,1.1608
2025-10-23,1.1618,1.1648,1.1602,1.1618
2025-10-27,1.1632,1.165,1.1619,1.1632
2025-10-28,1.1652,1.1669,1.1628,1.1652
2025-10-29,1.1658,1.1666,1.162,1.1658
2025-10-30,1.1603,1.1635,1.1548,1.1603
2025-10-31,1.1572,1.1578,1.1524,1.1572
2025-11-03,1.1528,1.1542,1.1506,1.1528
2025-11-04,1.1519,1.1533,1.1474,1.1519
2025-11-05,1.1486,1.1498,1.147,1.1486
2025-11-06,1.1497,1.1543,1.1494,1.1497
2025-11-07,1.1549,1.159,1.153,1.1549
2025-11-10,1.1555,1.1582,1.1544,1.1544
2025-11-11,1.1557,1.1606,1.1548,1.1557
2025-11-12,1.1589,1.1598,1.1563,1.1587
2025-11-13,1.1592,1.1649,1.158,1.1592
2025-11-14,1.1631,1.1654,1.1608,1.1632
2025-11-17,1.1615,1.1617,1.1583,1.1615
2025-11-18,1.159,1.1607,1.1574,1.1591
2025-11-19,1.1581,1.1598,1.1535,1.1581
2025-11-20,1.1541,1.1551,1.1508,1.1541
2025-11-21,1.1535,1.1552,1.1492,1.1535
2025-11-24,1.1508,1.1551,1.1503,1.1508
2025-11-25,1.1521,1.1583,1.1512,1.152
2025-11-26,1.1566,1.1602,1.155,1.1565
2025-11-27,1.1604,1.1616,1.1577,1.1602
2025-11-28,1.16,1.1607,1.1557,1.16
2025-12-01,1.1602,1.1652,1.159,1.1601
2025-12-02,1.1608,1.1624,1.1593,1.1608
2025-12-03,1.1629,1.1676,1.1628,1.1628
2025-12-04,1.1667,1.1682,1.1654,1.1667
2025-12-05,1.1645,1.1671,1.1629,1.1643
2025-12-08,1.1641,1.1673,1.1617,1.164
2025-12-09,1.1641,1.1657,1.1617,1.1641
2025-12-10,1.1628,1.1657,1.1622,1.1628
2025-12-11,1.1702,1.1759,1.1683,1.1701
2025-12-12,1.1741,1.1747,1.172,1.1739
2025-12-15,1.1738,1.1769,1.1727,1.1738
2025-12-16,1.1755,1.1805,1.1746,1.1755
2025-12-17,1.175,1.1758,1.1705,1.175
2025-12-18,1.1742,1.1759,1.1713,1.1742
2025-12-19,1.1725,1.1738,1.1704,1.1726
2025-12-22,1.1711,1.177,1.1711,1.1708
2025-12-23,1.1764,1.1804,1.1764,1.1766
2025-12-24,1.1796,1.1809,1.1774,1.1796
2025-12-26,1.1784,1.1799,1.1763,1.1785
2025-12-29,1.1775,1.1789,1.1754,1.1773
2025-12-30,1.1773,1.1781,1.1746,1.1773
2025-12-31,1.1746,1.1759,1.1721,1.1747
2026-01-02,1.1751,1.1767,1.1713,1.175
2026-01-05,1.1706,1.1719,1.166,1.1705
2026-01-06,1.1716,1.1745,1.1684,1.1715
2026-01-07,1.1688,1.1705,1.1674,1.1688
2026-01-08,1.1677,1.1685,1.1653,1.1677
2026-01-09,1.1658,1.166,1.1619,1.1658
2026-01-12,1.1625,1.1699,1.1623,1.1624
2026-01-13,1.1668,1.1675,1.1635,1.1667
2026-01-14,1.1643,1.1663,1.1637,1.1643
2026-01-15,1.1645,1.1647,1.1594,1.1646
2026-01-16,1.161,1.1627,1.1585,1.1609
2026-01-19,1.1624,1.165,1.161,1.1625
2026-01-20,1.164,1.1747,1.1633,1.1639
2026-01-21,1.1726,1.1743,1.1697,1.1728
2026-01-22,1.1674,1.1751,1.1674,1.1673
2026-01-23,1.1754,1.1776,1.1729,1.1755
2026-01-26,1.1858,1.1905,1.1837,1.1858
2026-01-27,1.1874,1.199,1.1852,1.1876
2026-01-28,1.2023,1.2024,1.1922,1.2018
2026-01-29,1.1977,1.1995,1.1908,1.1978
2026-01-30,1.1968,1.1973,1.1874,1.1966
2026-02-02,1.185,1.1875,1.1791,1.1849
2026-02-03,1.1799,1.1825,1.1781,1.1799
2026-02-04,1.1816,1.1839,1.1792,1.1816
2026-02-05,1.1802,1.182,1.1781,1.1802
2026-02-06,1.1777,1.1826,1.1767,1.1778
2026-02-09,1.1826,1.1925,1.1818,1.1826
2026-02-10,1.1905,1.1928,1.189,1.1904
2026-02-11,1.1888,1.1927,1.1839,1.189
2026-02-12,1.1875,1.1891,1.1853,1.1876
2026-02-13,1.187,1.1879,1.1849,1.1868
2026-02-16,1.1867,1.1871,1.1848,1.1867
2026-02-17,1.1851,1.1853,1.1806,1.185
2026-02-18,1.1852,1.1854,1.181,1.1852
2026-02-19,1.1791,1.1808,1.1743,1.1789
2026-02-20,1.1769,1.1806,1.1745,1.1769
2026-02-23,1.183,1.1834,1.1775,1.1835
2026-02-24,1.1793,1.1797,1.1767,1.1794
2026-02-25,1.1776,1.1808,1.1771,1.1775
2026-02-26,1.1815,1.183,1.1782,1.1815
2026-02-27,1.1803,1.1824,1.1791,1.1803
2026-03-02,1.176,1.1796,1.1673,1.1759
2026-03-03,1.1695,1.1707,1.1532,1.1697
2026-03-04,1.1611,1.1655,1.1577,1.1612
2026-03-05,1.1635,1.1647,1.1562,1.1636
2026-03-06,1.1607,1.1623,1.1548,1.1608
2026-03-09,1.1526,1.1594,1.1508,1.1523
2026-03-10,1.1617,1.1664,1.1608,1.1617
2026-03-11,1.1613,1.1644,1.1567,1.1611
2026-03-12,1.1542,1.1567,1.1511,1.1543
2026-03-13,1.1522,1.1529,1.1435,1.1522
2026-03-16,1.1438,1.1501,1.1416,1.1435
2026-03-17,1.1498,1.1542,1.1467,1.15
2026-03-18,1.1539,1.1557,1.1493,1.1539
2026-03-19,1.1463,1.1537,1.1445,1.1464
2026-03-20,1.1576,1.1581,1.1526,1.1578
2026-03-23,1.1564,1.1638,1.1485,1.156
2026-03-24,1.1608,1.1617,1.1569,1.1607
2026-03-25,1.1614,1.1632,1.1564,1.1615
2026-03-26,1.1565,1.1574,1.1524,1.1561
2026-03-27,1.1535,1.1547,1.1503,1.1535
2026-03-29,1.1492,1.1523,1.1444,1.1492
2026-03-30,1.1458,1.1539,1.1449,1.146
2026-03-31,1.1571,1.1627,1.1556,1.1574
2026-04-01,1.1592,1.1599,1.151,1.1591
2026-04-02,1.1544,1.1549,1.1521,1.1542
2026-04-05,1.1512,1.157,1.1507,1.151
2026-04-06,1.1541,1.1583,1.1525,1.1541
2026-04-07,1.169,1.1723,1.1667,1.1687
2026-04-08,1.1658,1.1706,1.1651,1.1659
2026-04-09,1.1692,1.1741,1.1678,1.1691
2026-04-12,1.1672,1.1719,1.1671,1.1675
2026-04-13,1.1763,1.1811,1.1757,1.1769
2026-04-14,1.1798,1.1811,1.1774,1.1799
2026-04-15,1.1808,1.1824,1.177,1.1809
2026-04-16,1.1779,1.1851,1.1773,1.1783
2026-04-19,1.1739,1.1791,1.1739,1.1741
2026-04-20,1.1784,1.1788,1.1743,1.1784
2026-04-21,1.1746,1.1761,1.1714,1.1744
2026-04-22,1.1705,1.1716,1.1679,1.1706
2026-04-23,1.1684,1.1721,1.1673,1.1684
2026-04-26,1.1706,1.1756,1.1706,1.1706
2026-04-27,1.1723,1.1729,1.1678,1.1723
2026-04-28,1.1719,1.1722,1.1684,1.1718
2026-04-29,1.1688,1.1738,1.1656,1.1685
2026-04-30,1.173,1.1785,1.1719,1.1729
2026-05-03,1.1726,1.1738,1.1691,1.1727
2026-05-04,1.1692,1.1716,1.1677,1.1692
2026-05-05,1.1715,1.1797,1.1713,1.1716
2026-05-06,1.1748,1.178,1.1747,1.1747
2026-05-07,1.1731,1.1785,1.1725,1.1732
2026-05-10,1.1769,1.179,1.1749,1.1769
2026-05-11,1.1776,1.1779,1.1723,1.178
2026-05-12,1.1736,1.1743,1.1696,1.1735
2026-05-13,1.1718,1.1722,1.1672,1.1716
2026-05-14,1.1662,1.1665,1.1618,1.1662
2026-05-17,1.1617,1.1659,1.1609,1.1614
2026-05-18,1.1654,1.1655,1.1593,1.1655
2026-05-19,1.1605,1.1644,1.1584,1.1607
2026-05-20,1.1625,1.1637,1.1577,1.1625
2026-05-21,1.1616,1.1618,1.1589,1.1621
2026-05-24,1.1641,1.1655,1.163,1.1642
2026-05-25,1.1636,1.1647,1.1617,1.1637
2026-05-26,1.1639,1.1661,1.1624,1.1637
2026-05-27,1.1618,1.1658,1.1587,1.1618
2026-05-28,1.1653,1.1686,1.1626,1.1653
2026-05-31,1.1648,1.1667,1.1607,1.1649
2026-06-01,1.1636,1.1655,1.1629,1.1635
2026-06-02,1.1622,1.1636,1.1595,1.1622
2026-06-03,1.1609,1.1647,1.1599,1.1609
2026-06-04,1.1614,1.1646,1.1531,1.1613
2026-06-07,1.1525,1.1554,1.1501,1.1523
2026-06-08,1.1528,1.1578,1.1528,1.1528
2026-06-09,1.1535,1.1574,1.1534,1.1535
2026-06-10,1.1538,1.1558,1.1515,1.1536
2026-06-11,1.1574,1.1592,1.1558,1.1576
2026-06-14,1.1606,1.1623,1.1595,1.1603
2026-06-15,1.1593,1.1618,1.1575,1.1594
2026-06-16,1.1609,1.1618,1.1587,1.161
2026-06-17,1.1511,1.153,1.1454,1.1507
2026-06-18,1.1464,1.1476,1.1418,1.1459
2026-06-21,1.1464,1.1473,1.1426,1.1463
2026-06-22,1.1425,1.1439,1.1377,1.1427
2026-06-23,1.1379,1.1384,1.1325,1.138
2026-06-24,1.1353,1.1388,1.1334,1.1354
2026-06-25,1.1364,1.1434,1.1355,1.1362
2026-06-28,1.1384,1.1426,1.1382,1.1386
2026-06-29,1.1419,1.1434,1.1383,1.1422
2026-06-30,1.1413,1.1417,1.1362,1.1413
2026-07-01,1.1378,1.1472,1.1375,1.1378
2026-07-02,1.1424,1.1465,1.1421,1.1423
2026-07-05,1.1436,1.1444,1.141,1.1438
2026-07-06,1.1442,1.1447,1.1423,1.1442
2026-07-07,1.1401,1.1432,1.1392,1.1404
2026-07-08,1.1422,1.1451,1.1421,1.1422
2026-07-09,1.1434,1.1463,1.1418,1.1433
2026-07-12,1.1404,1.1446,1.1387,1.1404
2026-07-13,1.1384,1.1461,1.1379,1.1384
2026-07-14,1.1425,1.1446,1.1407,1.1425
2026-07-15,1.1473,1.1478,1.1438,1.147
2026-07-16,1.1447,1.1453,1.1425,1.1445
2026-07-19,1.1427,1.145,1.1405,1.1428
2026-07-20,1.1416,1.1429,1.1403,1.1418
2026-07-21,1.1402,1.1421,1.14,1.1404
2026-07-22,1.1413,1.1438,1.1365,1.1412
2026-07-23,1.1376,1.14,1.1368,1.1377
2026-07-26,1.1398,1.1418,1.137,1.1395
2026-07-27,1.1369,1.1402,1.1354,1.1369
2026-07-28,1.1384,1.1405,1.1376,1.1387
2026-07-29,1.1468,1.1535,1.1435,1.1467
2026-07-30,1.1526,1.1526,1.1459,1.1524
2026-08-02,1.154,1.1555,1.1503,1.1544
2026-08-04,1.1514,1.1518,1.1506,1.1513
